ID,Priority,Gen,Subject,Lead/Source,Description,Online,Status,Source ref
L-1,30,G02-G06,"Modern/Masonic line","Masonic lodge membership records; Ault family genealogy","Lodge admission and Ault-line records flagged in the lower-generation companions; could fix dates and affiliations for the 19th/20th-c. line. NY-side records (Continental Lodge No. 287, still active; G5 Master 1891-92; organized 1853 by Gen. William Gurney G6) held by the Chancellor Robert R. Livingston Masonic Library, Grand Lodge of NY — finding aids online, records likely on-site. St. Alban's Lodge No. 6 (Bristol RI) is the G3-side strand.",Part,"Refined 2026-06-04 — NY repository identified (Livingston Masonic Library); see g05 companion",research/people (g02-g06 companions)
L-2,28,G02-G06,"Hayes maternal line","1963 Gurney family handwritten notes — Ethel June Hayes identity; railroad-family lead","Handwritten family notes point to a Hayes maternal connection and a railroad-employed kin group; identify the Hayes line and the railroad family.",Unk,Open,sources/intake/done/v12-gurney-family-handwritten-notes-1963.patchset.md
L-3,30,G07-G12,"Colonial American line","Town vital records, federal/state census, probate, and land deeds","Routine but unpulled colonial corroboration across the New England / mid-Atlantic generations; most is indexed on FamilySearch/Ancestry.",Y,Open,research/people (g07-g12 companions)
L-4,95,G13,"John Gurney (emigrant)","Norwich parish baptisms c.1612-1617 — 'John son of Francis Gurney'","A baptism naming John as son of Francis Gurney would nearly close the Candidate B identification — the single highest-impact pull in the project.",Y,"Done 2026-05-29 — negative (no indexed John son of Francis Gurney; FS + Findmypast)",research/people/g13-john-gurney-fact-sheet.research.md
L-5,88,G13,"John Gurney (emigrant)","Sir Henry Spelman manuscript Gurney pedigree","Bernau reports a Francis Gournay gave Spelman a MS Gourney pedigree; candidate repositories CUL Add., Bodleian Eng. hist., BL Add. MSS, College of Arms. Could anchor the whole pedigree.",N,"Refined 2026-05-29 — Not online: pedigree dispersed at the 1936 Sotheby's Gurney sale; check Bodleian/Folger/Rylands/Kansas Spelman-Macro vols + the 1936 sale lot list (not in NRO MS 7197 or Kansas MS E107)",research/people/g13-john-gurney-fact-sheet.research.md
L-6,82,G13,"Edmund G14b / Henry G15","NRO Norwich Consistory/Archdeaconry wills — Edmund Gurney the Divine (d.1648) and Henry Gurney G15 (d.1615, probate 1623)","Either will, if extant, could name nephews or grandchildren in New England and tie the emigrant to the West Barsham family.",Part,"Partial 2026-05-29 — NCC wills likely survive (Edmund d.1648 bur. St Peter Mancroft, heir predeceased 1624); refs via NRO online wills index / NRS vol.28 (not free full-text); not in FS Full-Text. Updated 2026-06-11: HENRY's will found (see L-111 — register 1621-23, proved Oct 1623, paleography packet 10); EDMUND machine-level negative in NCC registers vols 133 (1643-46) and 134 (1647-51), both FTS-covered. PCC checked 2026-06-12 (subagent; TNA Discovery + beta + NRO database + web, all spellings): NO PCC will or admon for Edmund 1648-60 (the sole 'Will of Edmund Gurney' is PROB 11/739/515, a 1745 worsted weaver); no PCC duplicate for Henry's 1623 will either. Remaining checks: FamilySearch collection 3259459 (PCC wills 1640-60) and Findmypast PCC admons vol. VI 1631-48 (auth needed); full Ctrl+F of Matthews Year Books vol. 4. Edmund's probate may simply not survive. PROMOTED in v93 (PCC-negative outcome + the BL/O/G/1 1630 grant + Chancery L-115 recorded on the G13 companion L-6 entry). Durable source: sources/corpus_supplement/edmund-gurney-divine-pcc-probate-negative.md (sourceId edmund-divine-pcc-probate-negative, + validation)",research/people/g13-john-gurney-fact-sheet.research.md
L-115,60,Related,"Gurnay v Cocke Chancery suit 1648 — Great Ellingham","TNA C 5/609/120 (1648): plaintiffs Frances Gurnay widow and Henry Gurnay v. Edmund Cocke, re Great Ellingham, Norfolk","Surfaced during the L-6 PCC search. A widow Frances Gurnay + a Henry Gurnay suing over Great Ellingham in 1648 most plausibly = Edward Gournay's (d. Aug 1641, grandson-heir of Henry G15) widow and his young son Henry II of West Barsham — which would NAME Edward's wife, currently unrecorded. Pleadings would also map the post-1641 estate. Not digitised; order TNA copy or onsite read.",N,Open,research/people/g15-henry-gurney-fact-sheet.research.md
L-7,78,G13,"John Gurney (emigrant)","Ryvett / Rivett pedigrees — Suffolk RO HD2418/88; Suffolk wills 1620-1660 naming Gurney kin","Mary's maiden family and the rare 'Peter' naming most likely trace through the Ryvett side; could independently confirm John's origin.",Y,"Done 2026-05-29 — negative (both Rattlesden PCC wills transcribed; no Gurney named)",research/people/g13-john-gurney-fact-sheet.research.md
L-8,75,G14/G13,"Francis Gurnay","PCC / London Commissary / Archdeaconry of Norwich will or admin for Francis Gurnay c.1637-1660","Daniel Gurney reports the will 'unable to be discovered'; locating it would fix Francis's death and heirs.",Y,"Partial 2026-05-29 — PCC negative both spellings; LMA + NRO Archdeaconry open; FS Full-Text corroborated Francis of Maldon",research/people/g13-john-gurney-fact-sheet.research.md
L-9,72,G14,"Francis Gurney G14 children","St Benet Fink baptism register (LMA P69/BEN1/A/001-002, 1619-1638); Harleian Society vol. 44 (1914)","Reconcile the G14 children list across Daniel Gurney 1848, Bernau 1913, and the current fact sheet; the printed Harleian Society register is online.",Y,"Done 2026-05-29 — reconciled (7 St Benet Fink children, no John; Harleian vol.44 = misattribution)",research/people/g13-john-gurney-fact-sheet.research.md
L-10,70,G13,"American Gurney arms","Earliest physical/manuscript witness to the arms used by the American Gurneys","Record blazon, owner, date, and whether usage predates antiquarian (Daniel Gurney / Burke) copying — key Candidate B corroboration.",Unk,Open,research/people/g13-john-gurney-fact-sheet.research.md
L-11,28,G13,"John Gurney (emigrant)","Braintree town manuscript vital records (FS film 940974 / DGS 7009769)","Confirmatory only (not a new finding): check the original manuscript behind the 1661 wife-death and Grizell Kidbee marriage entries against the printed Cheny/Cheney reading. Lowered 2026-05-29 per user — verification, low new-info yield.",Y,Open,research/people/g13-john-gurney-fact-sheet.research.md
L-12,65,G13,"Yarmouth emigration","Mary Anne of Yarmouth 1637; Susan & Ellen of Yarmouth 1635 passenger lists","Two Yarmouth, Norfolk to Massachusetts ships span the emigration window; partial surviving passenger lists not yet pulled for Gurney variants.",Y,"Done 2026-05-29 — negative (no Gurney variant on either ship; lists partial)",research/people/g13-john-gurney-fact-sheet.research.md
L-13,60,G13,"John Gurney (emigrant)","East Dereham parish register (NRO PD 86/41) — Entry E paleographic confirmation","Professional examination of the 'John son of ffrancis Gurnie' reading; also resolve the c.1609/10 vs c.1602/3 birth tension.",N,Open,research/case-files/john-gurney-case-file-v4.md
L-14,55,G13,"John Gurney of Maldon","Commissary Court London-Essex-Herts 1681 admin file for John Gurney of Maldon","Admin granted to brother Thomas; the grant may list surviving siblings, possibly a deceased 'brother John of New England.'",Unk,Open,research/people/francis-gurney-of-maldon.md
L-15,50,G14b,"Edmund Gurney the Divine","Venn, Alumni Cantabrigienses (ACAD); CCEd ordination/institution records; Gurnay Redivivus dating","Confirm Cambridge B.D., Harpley rectorship 1620-1648, and ordination chronology for the divine.",Y,Open,research/people/edmund-gurney-divine.research.md
L-16,48,G13,"John Gurney (emigrant)","St Ann Blackfriars 1615 baptism — verify father as 'P' or 'F' Gurney (register image)","Early-17th-c. F/P confusion; the original LMA register image has not been examined.",Unk,Open,research/people/g13-john-gurney-fact-sheet.research.md
L-17,45,G13,"Mary Gurney (Nevis)","John Lewis of Nevis will, NEHGR vol. 49 pt 2 — 'Mary Gurney the daughter of John Gurney'","Identify the Mary Gurney relationship; same-name lead, not yet tied to the emigrant's daughter Mary Shed.",Y,"Done 2026-05-29 — positive/indirect (PROB 11/461; Mary Gurney d/o John Gurney; John Jr. hypothesis)",research/people/g13-john-gurney-fact-sheet.research.md
L-18,42,G13/G14,"Gillingham Garny cluster","Gillingham, Norfolk parish register — Mary Garny daughter of Frances Garny, 5 Nov 1624, and other Garny/Gurney baptisms 1620-1640","Test whether Frances Garny's children match Francis G14's known family.",Y,"Done 2026-05-29 — red herring (Mary only child of Francis Garny; distinct local Norfolk family)",research/people/g13-john-gurney-fact-sheet.research.md
L-19,42,G13,"Candidate A (Bucks)","Medmenham, Bucks parish register — Wethered, Parsons and Parish Registers of Medmenham (1898) — 'Richard gurney marriage'","Resolve a Richard Gurney marriage attached to the colonial FS tree; test Bucks Candidate-A connection.",N,"Deferred 2026-05-29 — not free online (only Plaisted 1925, borrow-only)",research/future-research/john-gurney-source-leads.md
L-20,40,G13,"John Gurney (emigrant)","Suffolk Probate Records Case #338 — full itemized transcription","Cover/inventory header image-verified (FS DGS 102840311); inventory items, administration, debts, and relationship details still untranscribed.",Y,Partial,research/people/g13-john-gurney-fact-sheet.research.md
L-21,38,G13,"Bury St Edmunds household","Bury St Mary register (Suffolk RO Bury, FL 541/4) — three 1653-1656 Bury Gurney burials","Register-image pull to test the Bury apprenticeship hypothesis and household structure.",Unk,Open,research/people/g13-john-gurney-fact-sheet.research.md
L-22,30,G13,"Mr. Gurney, London 1638","T.C. Dale, Inhabitants of London in 1638, p. 173 — Mr. Gurney, Soper Lane, St Pancras","Forename indexed only as 'Mr.'; pull SoG/LMA copy for the Soper Lane forename and companion entries (Candidate D eliminated, so lower value).",Y,Open,research/people/g13-john-gurney-fact-sheet.research.md
L-23,25,G13,"Eliminated candidates","Hitcham (Bucks) and Ackworth (Yorks) parish registers — continuation checks","Confirm absence of continuing households to firm up the eliminations; confirmatory only.",Unk,Open,research/people/g13-john-gurney-fact-sheet.research.md
L-24,55,G14,"Francis Gurney","1633 Heralds' Visitation of Norfolk — reconcile the family's absence; Browning wills","Test the estrangement reading for John and siblings; the 1633 visitation is published.",Y,"Done 2026-05-29 — resolved positive: Visitation of Norfolk 1563/1589/1613 (Harleian Soc.32 p.141) lists '6. Francis of London' as Henry G15's son, corroborating G15->G14 + Holdich/Blennerhassett marriages + cinquefoil-differenced arms (lead's '1633' = error for 1563/1589/1613; Browning-wills strand still open)",research/people/g14-francis-gurney-fact-sheet.research.md
L-25,50,G15,"Henry Gurney","Bodleian MS Tanner 175 / Commonplace Book of Henry G., fo.175; Walter Rye, Church Heraldry of Norfolk","Heraldic and manuscript corroboration for the Great Ellingham / West Barsham Henry; the new Norfolk Pedigrees index wording identifies this as the Commonplace Book of Henry G. in Tanner MSS, fo.175. Rye is on archive.org.",Unk,Open,research/people/g15-henry-gurney-fact-sheet.research.md
L-26,40,G16,"Francis Gurney / Ellen Holdich","NRO probate for the Holdich of Ranworth connection","Confirm the Holdich marriage and any Gurney bequests.",Unk,Open,research/people/g16-francis-gurney-fact-sheet.research.md
L-27,45,G17,"Anthony Gurney","Letters and Papers, Henry VIII, vol. 21 pt 2","Tudor-era corroboration for Anthony and the Lovell/Great Ellingham acquisition; published (British History Online).",Y,Open,research/people/g17-anthony-gurney-fact-sheet.research.md
L-28,55,G19,"William Gurney IV","Paston Letters (Gairdner) — 1472 Saxthorpe Court episode; related IPM","Deepen the Saxthorpe/Loundhall and Paston-network material; Gairdner edition online.",Y,Open,research/people/g19-william-gurney-iv-fact-sheet.research.md
L-29,55,G20,"Thomas Gournay II","1445 Hunstanton Hall feoffment deed (Waldgraves, East Barsham) preserving Thomas's seal","High value for heraldic/documentary reasons; deed held in the Le Strange Hunstanton archive.",Unk,Open,research/places/england-landholding-catalog-gap-findings-g18-g31.md
L-30,50,G20,"Thomas Gournay II","NRO will of Thomas Gournay II; Norwich St Gregory's parish house/tenements","Will shows family moving between West Barsham, Harpley, and Norwich; tie down the St Gregory's holdings.",Unk,Open,research/people/g20-thomas-gournay-ii-fact-sheet.research.md
L-31,40,G21,"Thomas Gournay I","Muster rolls, TNA E101; La Selde Coronata via London Husting/Close Rolls","Military service evidence and the Heylesdon-inherited London commercial property.",Unk,Open,research/people/g21-thomas-gournay-i-fact-sheet.research.md
L-32,85,G22,"Robert Gournay","Cook (Clarenceux) 1622 Visitation of Norfolk pedigree — College of Arms","Highest-value G22 target; the heralds' pedigree would anchor the G22-G23 line. College of Arms MS, not online.",N,Open,research/people/g22-robert-gournay-fact-sheet.research.md
L-33,70,G22,"Edmund son of Sir John V","IPM for Edmund son of Sir John V, c.1409-1410 — TNA C138/C139","Would name the immediate family and manor portfolio at the G22-G23 transition.",Y,"Done 2026-05-29 — John d.1408 IPM pulled (CIPM vol.19 entries 489-94, C137/70/6): d. 4 Dec 1408, heir Edmund aged 10, 'held nothing in Norfolk'; no separate minor-Edmund IPM (dead end)",research/people/g22-robert-gournay-fact-sheet.research.md
L-34,65,G23,"Edmund Gournay","NCC will of Edmund Gournay, Reg. Harsyk fol. 34 (1387) — scan","Made at West Barsham, directs burial in the Assumption church; names executors. NRO scan obtainable.",Y,"Major progress 2026-06-11 — Register Harsyk IS digitised and FTS-indexed: 'Regd. copy wills vol. 2 1383-1408' = DGS 008076261 (alt filming 008076263). Film entry ark 3:1:3Q9M-CSN8-1WMR-R = image 1 (via Explore Images app); image 37 = fol. 7, image 64 = fol. 11 (~6-7 images/folio: multiple exposures + interleaved MODERN ANNOTATION pages naming each folio's testators and years — fol. 11's lists 1383 testators). Medieval Latin text transcribes as salad, but the modern annotations index well (+1383 hits) — yet Gurn*/Gourn*/Gorn*/+1387/+Edmund probes find NO Gournay annotation, so fol. 34's annotation is missing, illegible, or oddly spelled. REMAINING: leaf images ~190-250 (est. fol. 30-38) reading the annotation pages to find 'Edmund Gournay 1387', then das-pull the will leaf for expert paleography (medieval Latin — outsource). REDIRECT 2026-06-12 (from the L-6 PCC subagent's NRO catalogue check — VERIFY before acting): the Norfolk Record Office online catalogue lists 'Gurnay, Edmund' = 'NCC will register HARSYK 84, dated 1387 — Index entry only. Folio missing.' Two consequences if confirmed: (a) the cited folio is 84, NOT 34 (repo/DG citation likely a 34/84 transcription error) — so the will leaf sits ~image 556 on the film (fol. 11=img 64, ~6.75 img/folio), far past where the 2026-06-12 Harsyk subagent walked (it reached ~fol. 30-35, images 190-224, before dying at the session limit; those _subagent-harsyk-img*.jpg overview images are calibration-only); (b) the original leaf may be LOST from the register — only the index entry survives — which would explain the zero FTS hits and mean no full will text can be pulled. NEXT: verify the NRO entry directly (nrocatalogue.norfolk.gov.uk, 'Gurnay Edmund'); confirm folio 84-vs-34 and the folio-missing note; if missing, pursue the index entry's content + any antiquarian transcript (Blomefield West Barsham; the original source behind the repo's 'fol. 34, burial in the Assumption church' citation) instead of the film leaf. RESOLVED 2026-06-13: Allen confirmed the NRO entry directly — 'NCC will register Harsyk 84, Gurney (Gurnay) Edmund, 1387; Index entry only. Folio missing; Not to be produced to the searchroom; finding aid Norfolk Record Society vol. 16 A-Hi; microfilm MF 23 or MF/RO 137'. The will leaf is LOST and the FamilySearch film cannot hold it — Daniel Gurney (Record Part II p.363) states the register folio 'in the time of Mr. Norris [d.1786] ... was utterly rotted and destroyed', i.e. gone since the 18th c., long before any microfilming. The original lead goal (pull the scan) is therefore impossible AND unnecessary: the FULL will text already survives in the repo via DG-Supplement Note 118 (full Latin: proved 1 Aug 1387 with codicil; FOUR executors — wife Katherine, son John, Osbert de Mundeford, Thomas Kempe; Katherine's full dower + all household utensils; witnesses Wm de Mildenhall vicar of West Barsham, Nicholas de Barsham) and in Blomefield vol. vii p.42. FOLIO: authoritative = 84 (NRO + NRS vol.16 + Ancestry index 1610, already in the G23 companion footnote); DG-II's 'fol. 34' is a misprint. PATCHSET v91 cleanup only: add the 'destroyed in Norris's time' provenance to the G23 companion + west-barsham.md, and correct the stale 'fol. 34' citations (west-barsham.md lines 26/74; G23 companion lines 17/163) to 'fol. 84 (DG-II misprints 34)'. Microfilm MF 23/MF-RO 137 = NRO shelf films (cover the surviving folios only); none holds folio 84. PROMOTED in v92 2026-06-13 (west-barsham.md folio/provenance cleanup; G23 companion perfected directly 2026-06-13 with the full Latin will). CLOSED",research/places/west-barsham.md
L-35,55,G22,"Robert Gournay","Norfolk feet of fines, Henry IV — TNA CP 25/1/168; 1405 Little Cressingham fine (Walter Rye, Feet of Fines vol. 2)","Fines evidence for the G22 generation; Rye's printed Feet of Fines is on archive.org. Cressingham identity uncertain.",Y,Open,research/people/g22-robert-gournay-fact-sheet.research.md
L-36,80,G23,"Edmund Gournay","TNA IPM for Edmund Gournay, d.1387","Single most likely document to pin John IV (G24) death date and name John IV's wife; names heir and manors.",Y,"Done 2026-05-29 — resolved negative: no royal IPM (Edmund G23 not tenant-in-chief; absent from CIPM vol.16 index); 1387 will is the death anchor",sources/intake/done/v54-g24-g37-non-dg-corroborations.patchset.md
L-37,70,G23,"Edmund Gournay","History of Parliament Online — Edmund-specific entry (1386-1421 volume)","Only the d.1408 collateral Sir John biography is located; an Edmund entry would close the G23-G24 transition.",Y,"Done 2026-05-29 — no standalone Edmund entry exists; the John d.1408/Sir John V biography carries the Edmund material (online, fully read)",sources/intake/done/v54-g24-g37-non-dg-corroborations.patchset.md
L-38,45,G23,"Edmund Gournay","TNA Patent Rolls C66, 8 Richard II (1385) — Walsingham Priory benefaction (Great/Little Riburgh)","Patent body may name Edmund's wife and/or father; CPR is published.",Y,Open,sources/intake/done/v54-g24-g37-non-dg-corroborations.patchset.md
L-39,50,G24,"John de Gournay IV","British Library Add. MS 8841, fol. 112 — 1354 Harpley manorial court roll","Photograph/transcription would confirm the 9 Aug 1354 court, name jurors/tenants, and separate G24's court from a G23-attributed one.",Unk,Open,sources/intake/done/v54-g24-g37-non-dg-corroborations.patchset.md
L-40,45,G24-G29,"Norfolk Gurney holdings","William Farrer, Honors and Knights' Fees, vol. 3 — full Norfolk Gurnay section","Repo holds only extracts; the full Honor of Arundel section corroborates G27 (South Wootton) and G29 (Harpley under Warenne). On archive.org.",Y,Open,sources/intake/done/v54-g24-g37-non-dg-corroborations.patchset.md
L-41,60,G27,"Sir John de Gournay I","TNA CP 40 Placita de Banco, Norfolk, 3 Edw. I (1274/5), 'de Ecclesia de Harpeli'","Common Pleas plea roll for the Harpley advowson trial-by-battle vs the Prior of Lewes; AALT may hold CP40 images.",Unk,Open,research/topics/anderson-yvery-harpetre-gournay-collateral.md
L-42,40,G27,"Sir John de Gournay I","South Wootton manor (seizure) records; Norwich Cathedral engrailed-cross coffin-lid (DG-Supp Note 113)","South Wootton is the key missing direct manor; the coffin-lid, if attributable, could be the earliest physical Gournay memorial in England.",Unk,Open,research/places/england-landholding-catalog-gap-findings-g18-g31.md
L-43,35,G25,"John de Gournay III","1314 Escheat Roll — John de Gurnay as Bardolf feoffee (Winburgh, Stoke Bardolf, Okebrook)","Attribution uncertain between G25 and Rector John; the primary roll would clarify.",Unk,Open,research/places/england-landholding-catalog-gap-findings-g18-g31.md
L-44,35,G26,"Sir William de Gournay III","1294 conveyance seal; 1274 Hardingham free-warren claim","Seal and warren-claim evidence to enrich the Hardingham narrative.",Unk,Open,research/people/g26-william-de-gournay-iii-fact-sheet.research.md
L-45,35,G28,"William de Gournay II","Dore Abbey 1220 Clifford charters (witness); TNA CP 25/1 Norfolk fines","Documentary-appearance and Herefordshire Clifford network ties; not a landholding.",Unk,Open,research/people/g28-william-de-gournay-ii-fact-sheet.research.md
L-46,35,G29,"Matthew de Gournay","Blomefield, Harpley entry; BL Harleian MS 970","Harpley marriage-acquisition narrative corroboration; Blomefield is online (British History Online).",Unk,Open,research/people/g29-matthew-de-gournay-fact-sheet.research.md
L-47,35,G30,"William de Gournay I","Henry II charter for Notre-Dame-du-Pre (Delisle-Berger, Recueil des actes de Henri II)","Pre-forfeiture cross-Channel charter context; Recueil on Gallica/archive.org.",Y,Open,research/people/g30-william-de-gournay-i-fact-sheet.research.md
L-48,30,G31,"Walter de Gournay","Les Olim (ed. Beugnot) — parlement/judicial entries; Hingham Gurney's / Swathings branch-foundation links","Junior-branch foundation evidence; Beugnot's Les Olim is online.",Y,Open,research/people/g31-walter-de-gournay-fact-sheet.research.md
L-49,45,G32,"Gerard de Gournay","Cartulary of La Trinite de Rouen (ed. Deville), Charter No. 94 — 'Signum Girardi de Gornaco' seal","Confirm the seal description, witness list, and date of the sealed act; Deville's edition on Gallica.",Y,"Done 2026-05-29 — located Charter XCIV (Deville, Internet Archive cartulairedelab00frangoog, p.168): Richard de Redvers grant, attested 'Signum Girardi de Gornaco' with Hugh de Bellebeuf; it is a subscription/signum, not a pictorial seal",sources/intake/done/v54-g24-g37-non-dg-corroborations.patchset.md
L-50,40,G32,"Gundred de Warenne","Gundred / Warenne parentage scholarship for Gerard's wife","Resolve the Warenne marriage and parentage; modern scholarship online.",Unk,Open,sources/intake/done/v59-g32-gundred-warenne-parentage.patchset.md
L-51,40,G33,"Hugh de Gournay III","Anselm of Canterbury, Opera Omnia (Schmitt ed.), letters lib. iv epist. 7 & 26","Anselm-to-Bec letters name 'Lord Hugh de Gournay' and 'Lady Basilia'; replace DG paraphrase with the Schmitt edition.",Unk,Open,sources/intake/done/v54-g24-g37-non-dg-corroborations.patchset.md
L-52,35,G33,"Hugh de Gournay III","Bec chartulary surviving fragments (Le Prevost rescue, ~20 leaves)","Most of the Bec archive was lost; test whether the rescued leaves are published or accessible.",N,Open,research/places/le-bec-hellouin.md
L-53,45,G34,"Hugh de Gournay II","Fauroux, Recueil des actes des ducs de Normandie 911-1066 (Caen 1961) — index check","Resolve whether the Bernieres/'Brenerias' pre-1066 charter witnesses are one or two distinct acts.",Unk,Open,sources/intake/done/v54-g24-g37-non-dg-corroborations.patchset.md
L-54,35,G36,"Hugh de Gournay I","William Brito, Philippide lib. xi (ed. Delaborde, 1882-1885) — locate verses on Hugh I's citadel","Reproduce the full Latin verses; Delaborde edition on archive.org.",Y,Open,research/topics/gournay-tower-la-tour-hue.md
L-55,30,G35/G37,"Eudes / Hugh / early line","Cordier and Gondeville MSS, Histoire de Gournay (c.1710-1738)","Survival status unknown; likely BnF, AD Seine-Maritime, AD Eure, or Bibliotheque municipale de Gournay-en-Bray. Never published in full.",N,Open,research/topics/dg-reception-delisle-critique.md
L-56,40,G35-G37,"Early Norman line","Leopold Delisle's specific critique of Daniel Gurney's early generations","Likely a Bibliotheque de l'Ecole des chartes article or charter-edition footnote; absorb the modern dissent at source level.",Unk,Open,research/topics/dg-reception-delisle-critique.md
L-57,35,G32-G37,"Early Norman line","Pierre Bauduin — modern scholarship on early Norman aristocracy (Caen)","Identify and consult Bauduin's specific works on the early Gournays — the most current scholarly engagement.",Unk,Open,research/topics/dg-reception-delisle-critique.md
L-58,30,G32-G37,"Senior Norman line","FMG MedLands 'Seigneurs de Gournay' full text capture; Pattou Racines Histoire PDF capture","Capture both to sources/corpus for offline citation of the bracketed primary-source references.",Y,Open,research/topics/medlands-gournay-source-leads.md
L-59,40,Collateral,"Somerset Gournays (regicide line)","Ormerod, Strigulensia (1861) p.103 — 1329 demise to 'Thomas son of Hugh de Gournay' (Close Roll, Rot. Claus. 3 Edw. III)","East Harptree life-tenure naming a Hugh as father; Ormerod extract/source landed in the Somerset collateral file, but the underlying Close Roll/Chancery enrolment remains the tie-breaker for whether this corrects the standard Pettigrew descent of the regicide.",Part,"Partial 2026-06-12 — Ormerod extract landed; primary Close Roll/Chancery check still open",research/places/somerset-gournay-collateral.md
L-60,30,Collateral,"Somerset/Bristol Gournays","Gaunt's Hospital (Bilswick, Bristol) foundation charter — Richard vs Robert de Gournay founder conflict","Rudder 1779 names Richard; Pettigrew 1871 names Robert II. Both printed witnesses are now captured; the Berkeley/Bristol cartulary or foundation charter remains the tie-breaker.",Part,"Partial 2026-06-12 — Rudder/Pettigrew conflict landed; primary charter/cartulary check still open",research/places/somerset-gournay-collateral.md
L-61,25,Collateral,"Somerset Gournays","Calendar of Inquisitions Post Mortem vol. 16 — index for Matthew/Philippa/Roger/Thomas de Gournay","Finding-aid value landed: IPM vol. 16 index confirms Matthew/Philippa/Roger/Thomas de Gournay entries and no Edmund Gournay; use only as an index unless a specific entry is being pulled.",Y,"Done 2026-06-12 — index/source note landed; future pulls should target individual IPM entries",research/topics/anderson-yvery-harpetre-gournay-collateral.md
L-62,45,Heraldic,"West Barsham church","Identify the 'probably Wentworth' 8th impaled shield (Armstrong 1781)","No recorded Gurney-Wentworth marriage; investigate via Visitation of Suffolk 1561 (Cooke), HoP Wentworths, Burke's Extinct/Dormant Baronetcies, Foster's Wentworth Genealogy 1885. Note 2026-05-29: Farrer's Church Heraldry (1887) does NOT list the Wentworth shield among the surviving West Barsham arms, so it was likely lost between Armstrong (1781) and Farrer; still open.",Unk,Open,research/people/wentworth-impalement-west-barsham-church.md
L-63,40,Heraldic,"Langley Priory","Identify 'Sir Hugh Gourney' buried at Langley Priory (late 13th/early 14th c.)","Via Blomefield, Walsham Hundred vol. xi, and the NRO Langley Priory cartulary.",Unk,Open,research/people/sir-hugh-gourney-langley-priory-burial.md
L-64,38,Heraldic,"South Erpingham","Identify the 'Herward impaling Gourney' marriage/parish (near Aylsham)","Via Visitations of Norfolk 1563/1589/1613 (Rye, Harleian Society 1891), on archive.org.",Y,Open,research/people/herward-gourney-impalement-south-erpingham.md
L-65,25,Places,"North Barsham","Norfolk Heritage Explorer (NHER) / HER extraction — North Barsham DMV and All Saints","Lost-settlement/DMV verification; no official HE/NHER extraction completed yet.",Y,Open,research/places/england-landholding-catalog-gap-findings-g18-g31-round4-discovery.md
L-66,20,Places,"Norwich St Gregory's","Historic England list-entry / Norwich Historic Churches Trust record for St Gregory's, Norwich","Parish anchor for G20's Norwich house/tenements; clean HE list entry not yet extracted.",Y,Open,research/places/england-landholding-catalog-gap-findings-g18-g31-round4-discovery.md
L-67,30,Places,"Flushing, Queens NY","Directory and property records — Willis/William Gurney residence vs ownership","Resolve ownership-vs-rental status before later Manhattan addresses.",Unk,Open,data/places_detail.json
L-68,28,Collateral,"Central-Norfolk Gurnay collaterals (pre-Lovell)","NCC wills/admons: Thomas Gurnay of Great Ellingham (Aleyn 19, 1454 admon); Joan Gurnay of Deopham (Cobald 55, 1465 will); cf. John Gurney of Filby (Cobald f.30, 1465)","Identify the mid-15th-c. Gurnay presence around Great Ellingham/Deopham predating the 1525 Lovell inheritance, and any relationship to the West Barsham direct line.",Y,Open,research/places/great-ellingham.md
L-69,70,G14/G13,"Francis Gurnay (Kent probate)","FamilySearch Full-Text: Kent, England Probate 1633-1636 — 'Francis Gurnay' hit","FS-Center-restricted: test whether the probate touches Francis G14 (d.1646/7) or Francis of Maldon; could fix a death/heirs detail the PCC search missed.",Y,Open,research/people/francis-gurney-of-maldon.md
L-70,68,G14,"Francis Gurnay (St Benet Fink poor rate)","FamilySearch Full-Text: St Peter le Poer with St Benet Fink, London — Poor Rate naming Francis Gurnay","FS-Center-restricted: G14's own parish; a rate entry could fix his residence, years of activity, and civic standing.",Y,Open,research/people/g14-francis-gurney-fact-sheet.research.md
L-71,55,G13/G14,"Gurney/de Gournay pedigree (Burke 1858)","Burke, Dictionary of the Landed Gentry (1858) — Gurney pedigree incl. 'of Maldon, Essex' and de Gournay descent (Runhall, Hardingham, Hingham, Swathing)","Tertiary collector surfaced via FS Full-Text; trace the Maldon/Norfolk line to primary authority before citing for any fact.",Y,Open,research/people/francis-gurney-of-maldon.md
L-72,80,G22,"Robert Gournay / second son of Edmund G23","TNA E101/40/34 m1 (1387) + E101/41/5 m5 (1388) — Richard Gurney, esquire, man-at-arms, Arundel naval expeditions (sub-captain Edward Courtenay, earl of Devon)","Richard Gurney esquire is unplaced in BOTH the Norfolk and Somerset Gournay pedigrees; he served in the fleet of Richard FitzAlan, earl of Arundel — the very magnate the West Barsham Gurneys were Norfolk stewards for. Membrane neighbours would site him Norfolk vs West-Country and test whether Daniel Gurney's hedged 'Robert' for G22 was in fact a Richard. AALT images of E101/40/34, E101/41/5.",Unk,Open,research/topics/gurney-medieval-soldier-database.md
L-73,60,G21-G22,"Unplaced Gurney cadet (Harfleur)","TNA E101/48/17 (1417) + E101/48/19 (1418) — John Gournay, man-at-arms, Harfleur garrison under Thomas Beaufort / Sir Hugh Luttrell","A John Gournay in the Harfleur garrison runs parallel to Thomas Gournay I's own 1418 Harfleur service (E101/48/6) under Beaufort; membrane comparison tests a brother/cousin/son in the same Lancastrian garrison. AALT.",Unk,Open,research/topics/gurney-medieval-soldier-database.md
L-74,58,G21-G22,"Unplaced Gurney cadet (Harling retinue 1422)","BNF MS Fr. 25766 no.816 (1422) — John Gurnay, man-at-arms, garrison of Poissy / Pont-Meulan, retinue of Sir Robert Harling","John Gurnay served under the Norfolk knight Sir Robert Harling of East Harling (d.1435, nephew of Sir John Fastolf, captor of Meulan bridge 1423); a Norfolk-gentry military retinue tied to the Fastolf circle already woven through the repo's Heylesdon/Saxthorpe story. Test for a Norfolk cadet near G22/G21. Gallica/BNF image.",Unk,Open,research/topics/gurney-medieval-soldier-database.md
L-75,48,G22,"Robert Gournay (exact-name lead)","TNA E101/45/1 m14 (1415) — Robert Gurney, yeoman/valet-archer, Henry V Agincourt-campaign sick list","The only exact 'Robert Gurney' in G22's floruit window; low status argues against the gentleman G22, but name+date warrant a membrane check for origin and retinue association. AALT.",Unk,Open,research/people/g22-robert-gournay-fact-sheet.research.md
L-76,45,Collateral,"Sir John de Gourney of Harptree (Somerset)","Hull PhD thesis 'The English Way of War 1360-99' (appendix p.340); Rickard, Castle Community p.428; CPR 1370-74 p.21 (Carew marriage); CPR 1361-64 p.428; C76/53-62","Flesh out the newly-identified Somerset knight — owner of Harptree castle 1343 (underage), m. Elizabeth widow of John Carew, Ireland under William de Windsor 1363, Knolles 1370 captain, Calais garrison 1376-78 under Calveley/Brocas — distinct from Sir Matthew, and the true identity of the soldier-database 'Sir John de Gournay' knight cluster (resolves it as Somerset, not the Norfolk G24).",Y,Open,research/places/somerset-gournay-collateral.md
L-77,55,G23,"Edmund Gournay — Gaunt-affinity primary records","Staffordshire RO D.641/1/2/4 m.4; TNA E.403/478 m.16; HMC MSS of the Corporations of Southampton and King's Lynn (1887) pp.221-2; CPR 1381-5 p.380; KB 9/166/1 m.69 (per Walker, Lancastrian Affinity n.19)","Primary records behind Walker's statement that Edmund G23 took fees from St Benet's Holme abbey and was principal legal adviser to the burgesses of Lynn — placing him in John of Gaunt's retained East Anglian affinity alongside John Wynter, Robert Cayley, Thomas Pinchbeck, John Methwold.",Part,Open,research/people/g23-edmund-gurney-fact-sheet.research.md
L-78,50,G22,"Sir John Gurney V — Berney-side network","History of Parliament Online — BERNEY, Sir Robert (c.1365-1415); Woodger biography footnotes","Berney-side corroboration that John Gurney V was Sir Robert Berney's fellow Norfolk shire knight (1399) and Erpingham co-trustee, independent of the Gurney HoP entry; documents the Saxthorpe/Loundhall feoffee circle from a non-Gurney biography.",Y,Open,research/people/g22-robert-gournay-fact-sheet.research.md
L-79,45,G22,"Erpingham Norfolk affinity (network root + Gunton error)","Trevor John, 'Sir Thomas Erpingham, East Anglian Society and the Dynastic Revolution of 1399', Norfolk Archaeology 35:1 (1970) 96-108, DOI 10.5284/1078024","Scholarly root of the Erpingham/Berney/Wynter/Shelton/Gurney Lancastrian Norfolk bloc; needed to resolve whether the 'Sir Robert Gurney of Gunton, deputy at Dover 1400' phrasing is a Gurney or (more likely) Sir Robert Berney of Gunton. Archaeology Data Service.",Y,Open,research/people/g22-robert-gournay-fact-sheet.research.md
L-80,38,Collateral,"Sir Matthew de Gournay — soldier-database service + Trevet kinship","Soldier in Later Medieval England database + TNA C61/C76/E101 rows; Green, 'Household and Military Retinue of the Black Prince' (Nottingham PhD 1998) ii.183 for Trevet","Matthew's dated service rows and the Sir Thomas Trevet = nephew of Sir Matthew kinship are now in the Somerset collateral file; future work can move to individual primary rolls only if a narrower question requires images.",Y,"Done 2026-06-12 — service rows and Trevet kinship landed in Somerset collateral file",research/places/somerset-gournay-collateral.md
L-81,30,Collateral,"Matthew de Gournay petition (TNA)","TNA SC 8 Ancient Petitions — Discovery ref C9150306 'Petitioners: Matthew de Gourney (Gurney), knight'","Pull the petition for Matthew's career/landholding detail. TNA Discovery catalogue.",Part,Open,research/places/somerset-gournay-collateral.md
L-82,40,Collateral,"Gournay soldiers — Gascon Rolls calendar","Gascon Rolls Project (gasconrolls.org) — C61 protection/attorney entries for Gournay (Thomas de Gourney 1349 C61/61 m6; Matthew; etc.)","Fuller calendared text of the C61 Gascony protections names associates and lands, helping separate the Somerset Gascon-theatre Gournays from the Norfolk northern-theatre men. Online.",Y,Open,research/topics/gurney-medieval-soldier-database.md
L-83,42,G21,"Thomas Gournay I — original muster/retinue rolls","TNA E101/45/7 m1, E101/45/18 m2, E101/48/6, E101/53/33 m1 — original rolls behind the database index","Direct images of G21's 1415 Holland / 1418 Harfleur / 1441 Vere-York rolls: neighbouring names, wages, equipment. Supersedes the muster portion of L-31. AALT.",Unk,Open,research/people/g21-thomas-gournay-i-fact-sheet.research.md

L-84,52,Heraldic,"Norfolk Gurney pedigree / arms","Visitation of 1563 by Harvey, Harl. MS 4755, fo.81","Manuscript-control lead surfaced by Rye Index Rerum / Norfolk pedigree source list; may preserve a Harvey 1563 Gurney pedigree or arms variant separate from the printed Rye/Dashwood texts.",Unk,Open,research/topics/gurney-armorial-pedigree-and-visitations-evidence-audit.md
L-85,50,Heraldic,"Keswick Gurney MSS / glass","MSS of the late John H. Gurney of Keswick, 12th Report of the Historical Manuscripts Commission, p.116","Potential family-paper and Keswick-glass source path; especially relevant because Daniel Gurney says Gurney's Place bay-window arms were preserved at Keswick.",Unk,Open,research/topics/gurney-armorial-pedigree-and-visitations-evidence-audit.md
L-86,46,Heraldic,"Norfolk Gurney manuscript pedigrees","Norris' MS folio pedigrees pp.553-556 and Morant's MS folio pedigrees p.175","Manuscript pedigree controls surfaced in the Norfolk Pedigrees index; may preserve Gurney quarterings or variant descent statements outside Rye's printed visitations.",Unk,Open,research/topics/gurney-armorial-pedigree-and-visitations-evidence-audit.md
L-87,44,Heraldic,"Dawson Turner illustrated Blomefield","Dawson Turner's illustrated Blomefield, vol. xv, fo.182","Potential visual/pedigree witness absent from printed Blomefield; compare against Walsingham, West Barsham, and Berryhall arms if reachable.",Unk,Open,research/topics/gurney-armorial-pedigree-and-visitations-evidence-audit.md
L-88,44,Heraldic,"Bodleian Ashmole Gurney pedigree/arms leads","Ashmole MS 848, fo.5, and Ashmole MS 792, vol. ii","Bodleian manuscript leads from the Norfolk Pedigrees index; likely heraldic or pedigree content needing catalogue and image access check.",Unk,Open,research/topics/gurney-armorial-pedigree-and-visitations-evidence-audit.md
L-89,40,Heraldic,"King's College Oxford Gurney pedigree lead","King's College, Oxford, lxxix / clxvii, p.21","College manuscript pedigree lead from Norfolk Pedigrees index; first task is to identify the catalogue item behind lxxix/clxvii and whether images or transcripts exist.",Unk,Open,research/topics/gurney-armorial-pedigree-and-visitations-evidence-audit.md
L-90,42,G33,"Montivilliers / Cauville sale context","Jean-Michel Bouvris, 'La renaissance de l'abbaye de Montivilliers autour de l'an mil,' in L'abbaye de Montivilliers a travers les ages (1988), pp.67-84","Potts cites Bouvris for the Montivilliers revival context behind the Cauville sale in SCRIPTA Act 6538; obtain before using the sale's later-memory / ducal-gift interpretation beyond Potts.",Unk,Open,research/people/g33-hugh-de-gournay-iii-fact-sheet.research.md
L-91,45,G32/G33,"1082 La Trinite witness reading","Edition basis behind FMG/DG 'William de Gornai ... Girard de Gornai' versus SCRIPTA Act 6472 Hugh/Gerard reading","Resolve whether the older William de Gornai brother inference is an edition difference, misreading, or separate witness version; affects G33 children table and G32 chronology note.",Unk,Open,research/people/g33-hugh-de-gournay-iii-fact-sheet.research.md
L-92,90,G12,"Richard Gurney administration 1691","Suffolk County MA Probate Records 1636-1766, image 448 of 585 — FamilySearch ark:/61903/3:1:3Q9M-C9Y5-GKGB","Verify the page image against the machine transcript of the 27 Oct 1691 administration grant (Richard Gurney late of Weymouth, intestate; administrators Zachariah and Richard; eldest son John refusing). Confirms Richard's death year, son Richard-3 as co-administrator, and eldest son John alive 1691 (contradicting the Richard's-son-John-at-Mendon attribution). Already promoted to fact sheets/json at best-thinking level; this is the confirmation step.",Y,"Done 2026-06-09 — page image read at screen zoom confirms the transcript and the John-eldest-son-of-Richard parse (marginal head 'Gurney Adm', vol. p. 160); full-res media capture optional",research/people/g12-richard-gurney-fact-sheet.research.md
L-93,85,G13,"Costessey 1634 court roll — John Gurney reading","FamilySearch film 004389191 item 4, image 162 of 239 — ark:/61903/3:1:S3HT-6PN9-SW7","Paleographic read of the flagged line (plausibly 'terra Johis Gurny') in the 1634 Costessey court roll. Costessey is the laceweaver Francis B's documented locus; a confirmed in-window John Gurney landholding there is either his kin or a new Norwich-area John.",Y,"Expanded 2026-06-10 — Gurn* film sweep (24 cards): a John Gurne/Gurnee family c.1600-1675 incl. 'Johnes Gurnee son of John' entries (card years bracket 1616-1659); NEXT: image reads of the son-of-John entries (arks S3HT-6PN9-SXB and S3HT-6PN9-M3N) and the 1634 rental. Image reads done 2026-06-11 (packets 3-6): the 1634 'Gurny' is a JERNEGAN misreading (false positive — Jernegan lords contaminate early Costessey cards); confirmed instead: John Gurne orchard presentment 14 Apr 1629, 'John Gurney sen' in an Apr 1659 court list (implying a junior John), 'Johannes Gurne et Johannes Bower' release 21 Jan 1674/5, and a 'land of John Gurney gentleman' abuttal. REMAINING: identify the junior John and the 1659 court's manor (held for Anthony Dobbs of Marsham, esq.)",research/people/gurney-family-costessey-manorial.md
L-94,80,G13,"Isaac Gurney court records 1666-67","Middlesex Co. MA court records 1657-1672 (Cambridge sessions) and Suffolk Co. court file indexes 1670-1679 (files 911 and 792, warrants 25 June 1667 signed by Daniel Gookin)","Pull the underlying images: Isaac Gurney theft and breaking-and-entering matters, Blue Hill/Ponkapoag area, 1666-67 — first primary sighting of the uncertain son Isaac (b. c.1643). Establish age, residence, and any stated kinship.",Y,"Partial 2026-06-10 — Suffolk file 792 read in full (committal 25 Jun 1667 'vagabond rogue & of Burglary'; examination before Gookin 28 Jun 1667 confessing 3.5 years' wandering and the Medford burglary; third paper possibly a prison fire, image read needed); remaining: Middlesex 1666 records and file 911",research/people/isaac-gurney-scituate-boston.md
L-95,75,G13,"Massachusetts military-records John Gurny items","Massachusetts (Bay Colony) military records 1642-1675 via FamilySearch full text","Pull images: the petition of John Gurny, Richard Porter, and James Ludden of Weymouth for remission of the gunpowder fines (behind MBCR 1:331), and 'John Gurny his byl' in the 1642-44 colony accounts — possibly payment for tailoring or supply work, a new occupation-adjacent record.",Y,"Partial 2026-06-12 (subagent died at session limit mid-task — no findings file written, but 3 full-res images captured to paleography-staging/images/): ma-military-1643-1675-petition-img948.jpg and -second-match-img947.jpg (the Weymouth gunpowder-fines petition area), ma-military-1642-1649-bill-gurny.jpg ('John Gurny his byl' 3.16.42). DONE 2026-06-13 (subagent, raw file sources/intake/new/fts-2026-06-13-military-bury-l95-l96.md). Both records are CALENDAR/ACCOUNT entries, not original instruments — no paleography needed. PETITION: an inventory-calendar item (no.67) in 'Massachusetts. Military Records 1643-1675' (DGS 007702977, images 947-948, arks 3:1:3Q9M-C9Y5-F9M1-4/-C): 'Petition of John Gurny, Richard Porter, and James Ludden of Weymouth, for the remission of the fines laid upon them for not being supplied with powder' — undated, neighbours cluster ~1645-51; this is the calendar behind MBCR 1:331, NOT the petition autograph (which the calendar abstracts). BILL: 'John Gurny his byl for 3. 16. 42, & Tho: Lake his note for 1. 3. 84, are 1644 accepted for 5 fro Mr Ginn' — 'Massachusetts Bay Colony. Military Records 1642-1649' (DGS 008713629, image 48 = vol. p.79, ark 3:1:3QHV-J3DW-8YB3; index 'Gurny, John, 79' at image 169). Gurny's bill £3 16s (dated 16 Mar 1641/2 OS) settled 1644 via intermediary Mr Ginn — a colony-accounts/military-finance entry, NOT proven tailoring/supply work (the nature of the bill is unstated). The 3 staged images can be archived/dropped — these are calendar pages, not autographs. PROMOTED in v93",research/people/g13-john-gurney-fact-sheet.research.md
L-96,65,G13,"Bury St Edmunds Gurney cluster 1632-1656","Bury St Edmunds, Suffolk parish records 1561-1800 via FamilySearch full text (27 Gurney-term matches 1632-34; 'John Gurny son to Thomas' baptism c.1651-58)","Click through the Bury parish-record hits: a documented Gurney presence at Bury in the early 1630s and a Thomas-Gurney household baptizing a John in the 1650s — context for Banks's Bury St Edmunds attribution and the 1653-56 Bury burial household.",Y,"DONE 2026-06-13 (subagent, 20-card sweep, raw file sources/intake/new/fts-2026-06-13-military-bury-l95-l96.md; film 007413310 = Bury St James parish registers). KEY: NO John Gurney household at Bury in the 1630s — Banks's Bury attribution for the emigrant (b. c.1607-12) gets NO support here. The Bury Gurney presence is the THOMAS GURNEY x Lidda (Lydia) Broddish household, married St James c.1633-35 (img 297), children Juda b. c.1633/34 (img 60), John 'son to Thomas' b. c.1653/54 (img 77; the register opened 29 Sep 1653 per the 1653 Act, so the date may post-date the actual birth), Thomas fil. Thomas b. c.1661/62 (img 83); a Henry Gurney buried 1658-60 (no parent, img 511); and a SEPARATE John Gurney x Elizabeth -> son William bap. 1665 (img 86, the grown John). Earlier/unrelated: William Gurney -> dau. Bridgett bap. 1588 (img 23); Mary Gurny in a 1620-24 communicant list (img 294). The Thomas household is a generation too late to be the emigrant's natal family; Bury is effectively cleared as the emigrant's origin via these registers. Their 'John son to Thomas' (c.1653/54) is far too late to be John Gurney-1. PROMOTED in v93. Durable source: sources/corpus_supplement/bury-st-edmunds-gurney-registers-1561-1800.md (sourceId bury-st-james-registers, + validation)",research/people/g13-john-gurney-fact-sheet.research.md
L-97,55,Related,"Maldon court books — Francis Gurney entries","Maldon, Essex borough court records 1623-1764 via FamilySearch full text","Multiple Francis Gurney entries 1662-1697 incl. a 1689/1697 record concerning 'the children of the said Francis Gurney' — post-death administration of the Maldon household; enriches the Francis-of-Maldon file and the 1664-Visitation children list.",Y,Open,research/people/francis-gurney-of-maldon.md
L-98,80,G13/G14,"East Dereham manor court rolls — Gurney sweep","FamilySearch full-text collections 'Dereham, Norfolk. Court Records 1623-1689' (with Deopham/Denver) and 'Dereham, Norfolk. Court Records 1689-1820'","Dedicated Gurney-variant sweep inside the digitised East Dereham manor court rolls — the 1623-1689 volume sits directly on the family's home parish and could carry Gurney landholding or tenancy succession from Francis G14's years; one Gurney hit already visible in the 1689-1820 volume (forename machine-read 'Michie', image needed).",Y,"Partial 2026-06-09 — both volumes swept via q.groupName (films 004389277 and 004389483): copyhold succession [1640 entry, holder unread] > Margaret/Margery Gurney 1662-1694 > Michael 1697-1758 > Richard 1703-1837 recitals, near Moorgate St; Margery free-bench widow hypothesis fits Edward Gurney b. c.1610/11 as deceased husband; NEXT: image reads of the 1636 'Margarete Gurner' entry (ark S3HY-D1S9-WWM), the 1662/1665 Margaret entries, and Michael's 1697 admission (predecessor recital). Updated 2026-06-10: nine-variant re-sweep clean negative (thin yield is a Latin-hand transcription limit, not spelling); Gourney adds 8 Margery/Margaret recital cards 1702-1799; Gurn* adds the 1636 card and 'Gurneys Croft otherwise Crabb Croft' recitals 1675-1835; the 1640 card is DEAD (image read by Allen — no Gurney); no pre-1623 Dereham manorial volume is in full-text coverage. Image reads done 2026-06-11 (packets 7-9): the 1636 entry is a court of 10 Oct 1636 with 'quondam Margarete Gurner vid[uae]' as a FORMER-tenure reference in Hugh Browne's surrender — so the male Gurney whose death widowed her died well before 1636 (Edward b. c.1610/11 now chronologically weak; an older-generation Gurney male fits better); the 1697 page reads 'nup' in tenura MATHEI Gurney' (Matthew, not Michael — recheck the 18th-c. 'Michael' recitals); the 1662/1665 page is unresolved (target visually buried). REMAINING: identify the pre-1636 male Gurney (earlier courts in the 1623-1689 book, image-level), re-read 1662/1665, reconcile Matthew/Michael",research/people/g13-john-gurney-fact-sheet.research.md
L-99,70,G12,"Suffolk MA deeds 1678-83 — John & Elizabeth Gourney","Suffolk County MA Deeds 1678-1683 (Boston registry), index entries 'Gourney, John, 80' and 'Elizabeth, 343' via FamilySearch full text","Pull deed pages 80 and 343: a John Gourney and an Elizabeth Gourney in Boston-registry deeds 1678-83 — right window and names for Richard G12's son John and wife Elizabeth Green, further supporting John alive after 1675.",Y,"Partial 2026-06-11 — film 007442497: p. 80 DEFLATED (a 1671 Thayer recital of 'parcels … of John Gourney five acres', not a new instrument); p. 343 (Elizabeth, co-indexed with Sarah Green) resists text search — needs an image-number pull; the film's other Gurn* hits are the distinct Gurnell-of-Dorchester tanner family (confusable surname, logged)",research/people/g12-richard-gurney-fact-sheet.research.md
L-100,85,G17,"Anthony Gurney will, December 1557","Norwich wills register 1556-1557, FamilySearch film 008076312 image 145 — ark:/61903/3:1:3Q9M-CSND-MSDX-K","Read the will of 'Anthonie Curney [Gurney] of greater Belings[?]', dated 6 December [1557?]: plausibly the will of Anthony Gurney G17 (d. 1557) himself — would be the earliest direct-line Gurney will in hand. Verify the place reading (Great Ellingham? Billingford? Bealings?), the date, and the family clauses against the page image. Flagged by Allen 2026-06-10. Three page images archived at sources/media/ncc-will-1557-anthony-gurney-great-ellingham/_local/ (expert report: sources/corpus_supplement/paleo-2026-06-packet-01-...md).",Y,"Done 2026-06-11 — will transcribed (packet 1 + corpus supplement): 'Anthonie Gurney of greater Elingham Esquier', made 6 Dec 1557, proved Norwich 10 Dec 1557; daughters Elizabeth (£200) and Cicely (£20); six minor grandchildren incl. ffrances but NO Henry; executors Sir Christopher Heydon and Robert Notary; no living son named. OPENS: death-date conflict with Blomefield 4 Jan 1555/6, and the missing-Henry/absent-son-Francis pedigree puzzle (see G17 companion)",research/people/g17-anthony-gurney-fact-sheet.research.md
L-101,85,G17,"Henry Spilman 1524 will — Antony Gurney executor","Norfolk wills abstract volume ('Norfolk. Wills 1370-1763'), FamilySearch film 008480295 image 149 — ark:/61903/3:1:3Q9M-C39V-K2VN","Abstract reads: 'HENRY SPILLMAN, Esquier, to be buried in the Church of St. James in [Great?] Ellingham … my wife, Antony Gurney and John Turrell, executors. D: 17 Feb - P. 1524.' An Antony Gurney as executor to a Spilman/Spelman esquire in 1524 — a personal Gurney-Spelman connection a century before Sir Henry Spelman the antiquary held the manuscript Gurney pedigree (lead L-5), and in the Great Ellingham orbit of the G17 family. Identify which Anthony Gurney, and the underlying register (abstract cites 'Cons: Alabaster: 1520-3: 231'). Flagged by Allen 2026-06-10.",Y,"Recorded 2026-06-11 on the G17 companion (with the 1475 Wymondham-of-Felbrigg feoffees abstract: William Gurney alongside Henry Spelman, Southwell, Townshend, Hobart). Register FOUND 2026-06-11: vol. 36 (1520-1524) = DGS 008076282; the Spilman will located via probe — opens mid-image 379 (ark 3:1:3Q9M-CSN8-T9QC-H; burial tokens '[Church of St] James [at] El[ing]h[a]m', made in February) and continues image 380 (3:1:3Q9M-CSN8-T93B-3, executor clause expected there). Full-res images staged as paleography packet 12 — early-Tudor hand, outsourced read to confirm 'my wife, Antony Gurney and John Turrell, executors' and recover legatees/kin. DONE 2026-06-13 — packet 12 expert read: Henry Spilman esq., will 17 Feb [1523/4], proved Norwich Apr 1524; burial St James churchyard Great Ellingham; wife Elizabeth (movables + life interest); NO children named (so likely the Spelman 'of Mickle Elyngham' who d. s.p., bringing Great Ellingham to the Lovells/Gurneys); executors wife Elizabeth, Antony Gurney (secure reading, no stated kinship), John Turrell. PROMOTED in v92 (G17 companion + corpus_supplement paleo-2026-06-packet-12). Remaining: pull the underlying Alabaster register page if a fuller/clearer text is wanted; reconcile the 1524-proved vs Blomefield-1525 date",research/people/g17-anthony-gurney-fact-sheet.research.md
L-102,70,G13,"Benjamin Ludden inventory — John Gurney land at Braintree","Suffolk Co. MA probate file papers, FamilySearch film 102907158 image 964 — ark:/61903/3:1:3Q9M-CS6K-NQFW-N","Inventory of Benjamin Ludden of Weymouth (d. 25 November, year unread) lists 'John Gurney land' (~15-10-00) and 'one acer of Salt medow at Brantry' — a Gurney-Ludden property nexus; the Luddens are the family that co-petitioned with John Gurny on the Weymouth gunpowder fines (L-95). Read the year and context: which John Gurney, and is the land abutting or owned-of-record? Flagged by Allen 2026-06-10.",Y,"Done 2026-06-11 — dated: Benjamin Ludden d. 25 Nov 1690, inventory appraised 29 Dec 1690; 'John Gurney land' is a 1690 Weymouth abuttal (most plausibly John-3, Richard G12's eldest son, or the family parcel's legacy name); recorded on the G12 companion",research/people/g12-richard-gurney-fact-sheet.research.md
L-103,70,G13,"Tyng estate division — John Gurney leasehold pages","Suffolk Deeds Lib. IV pp. 6 and 89a-90, FamilySearch film 007442495 images 18 and 67 — arks 3:1:3QS7-L9ZS-B2V7 and 3:1:3QS7-L9ZS-B2D3","Image-read the Tyng division recitals: a Braintree messuage 'in the Occupation and by lease in the hands of John Gurney' (paired with Gregory Belcher's). Fix the indenture date to determine whether the lessee is G13 or his son John Jr., and recover the lessor/term detail.",Y,"Done 2026-06-11 — the Tyng division is an Indenture Quadripartite of 28 March 1661 (Lib. V 229, film 007442495 img 443); the lease snapshot is March 1661, i.e. G13 alive and leasing the Tyng messuage while still holding his freehold; recorded in the G13 companion seventh-pass entry",research/people/g13-john-gurney-fact-sheet.research.md
L-104,70,G13,"Billerica town book — surrounding pages of the 1659 Gurney grant","Billerica town records 1653-1727, FamilySearch film 007466228 (grant/surrender image 173; parallel copy image 328; rate list image 14)","Read the pages around the 15 Aug 1659 ten-acre grant (son Richard named; Daniel Shed 'in answer for his father John Gurney'; lot surrendered 26 Dec 1659): was the lot re-granted and held? Who holds the later 'John Gurney' abuttals, house valuation, and 4.25-acre lay-out? Verify the possible 'Gurney Tanner charges' reading. Clarifies the Shed-Gurney family tie and whether a John Gurney (Jr.?) settled at Billerica.",Y,"DONE 2026-06-12 (subagent, full 17-card transcript sweep — raw file sources/intake/new/fts-2026-06-12-billerica-l104.md): (1) RE-GRANT — half the surrendered lot granted to John Hall 19.1.1659/60 (19 Mar 1660); no second-half recipient found. (2) 'Gurney Tanner' DEBUNKED — OCR garble of 'Towne Charges' (image 13 reads it clean: 'John Gurney : Towne Charges of -10-7'); no tanner occupation anywhere. (3) John Gurney had a REAL Billerica footprint beyond the surrendered house lot: proprietors lot-draw list ('John Gurney I'), house valuation £3-0-0, rate £2-5-10, town charges 10s7d (Oct-Nov 1659), and TWO great-meadow lots (4.25 ac at James Patterson's bounds, image 179; 4.5 ac at mouth of Horse Brook bounded John Rogers S, image 180) plus the 56-acre layout in the surrender entry. So 'explored and abandoned' understates it — he was granted/allotted substantial land, surrendered the house lot, and the meadow/upland allocations persist in the records. (4) Daniel Shed/Shead: proprietors list (image 12, sequential with Gurney), 'Sheads corner' survey landmark (image 171), 'in answer for his father John Gurney' (image 173); Nathan Shead persists to 1707. NEXT (optional): image 16 for John Hall's acceptance; whether the meadow lots were occupied or sold. PROMOTED in v93. Durable source: sources/corpus_supplement/billerica-town-records-gurney-1659-1660.md (sourceId billerica-town-records-ms, + validation)",research/people/g13-john-gurney-fact-sheet.research.md
L-105,65,G13,"Norfolk/Norwich Court Records 1659-1699 — Gurney sweep","FamilySearch volume 'Norfolk. Court Records 1659-1699 | Norwich, Norfolk. Court Records 1659-1699' (entry ark:/61903/3:1:S3HT-DT3H-DH); DGS to be read from the info panel","Unswept film surfaced by +Gurn* +Dereham: a 1675 entry about engaging 'Gurney to draw … in the house where now dwelleth in [D]ereham'. Film-scoped Gurn* sweep plus image read of the 1675 entry — a Restoration-era Norwich/Norfolk court series that may carry the East Dereham family or Norwich Johns.",Y,"Triaged 2026-06-11 — film 004397534 swept (18 cards): the 1675 Perham petition's place reads closer to HEIGHAM (Norwich suburb) than Dereham; also Edmund Gurnee market order 1690, marginal 'John Gurney 293' at the 15 Jun 1692 court, 'Mr Gurner' in a 1694 civic list; rest noise. Norwich-city material for the plebeian-Norwich frame; image reads optional",research/people/g13-john-gurney-fact-sheet.research.md
L-106,55,Related,"Earsham will 1638 — probate clause and Lyon Gurney trace","Norwich-circuit wills register, FamilySearch film 008076858 image 456 (the image after the will at images 454-455)","Pull image 456 for the witness list and probate clause of John Gurney of Earsham's will (10 Aug 1638) — fixes the court and probate date. Then trace the rare-forename brother 'Lyon Gurney' forward in Norfolk/Suffolk records to anchor the Earsham family's later history.",Y,"Probate clause DONE 2026-06-11 — image 456 pulled (ark 3:1:3Q9M-CSN6-3W3D, via the viewer Next-Image method) and read: will sealed/subscribed before Edw. Calvert, Christopher Jay (mark), Jacob Bland (mark); 'Probatum fuit … apud Norwicum … xxvj die Decembris Anno Domini 1639' before Mr R. Gamon clerk, surrogate of Clement Corbett LL.D.; administration to the executors named — so the testator died Aug 1638 x late 1639. Lyon-trace strand continues under L-109/L-110",research/people/john-gurney-earsham-will-1638.md
L-107,55,Related,"Sarah Gurney will, Providence 1714","The Early Records of the Town of Providence, will record at series p. 136 (council proceedings image 220, ark:/61903/3:1:3Q9M-C9B8-WS3H-N)","Pull Sarah Gurney's will and inventory (proved before the Providence town council 30 Apr 1714, presented by son Joseph Field): children named would settle whether the 1695-96 warned-out John Gurney formed a family there, and reconcile with Torrey's Providence John Gurney + Sarah (Thornton) widow entry.",Y,"Done 2026-06-11 — will (31 Mar 1714), inventory, and Joseph Field's £150 executor bond all found and extracted (films 007717858 + Providence probate files): Sarah d. 16 Apr 1714; all children Fields; husband JOHN GURNEY SURVIVED her (appeared before the council 30 Apr 1714, signed by mark). Remaining: identify John and his later trace; compare Torrey p. 331",research/people/john-and-sarah-gurney-providence-rhode-island.md
L-108,45,Related,"Cawston manorial death presentments — Gurney heirs","Cawston manorial records 1641-1685, FamilySearch film 004389190 (cards at arks 3:1:S3HT-6S23-13K, 3:1:S3HT-6S23-6HZ, 3:1:S3HT-6S23-TC4)","Image-read the 1640s-60s Gurney death presentments in the Cawston court book — they should name the deceased (William? the 'Wyand Gurney' token?) and the admitted heir, structuring the Cawston family (William & Ann 1648-50, Emme 1655-95, Agnes 1659-64, Anne to 1729/1757).",Y,Open,research/people/gurney-family-cawston-manorial.md
L-109,75,G13/Related,"Earsham court records 1710-1818 — Lyon Gurney sweep","FamilySearch film 'Earsham, Norfolk, England. Court Records 1710-1818' (Lyon Gurney cards at arks 3:1:S3HY-6XP3-C89 and 3:1:S3HY-6XP3-HMJ; DGS from info panel); successor volume 'Earsham. Manorial Records 1841-1883' also exists","Film-scoped Gurn* sweep of the Earsham court book: the 1638 testator's family (rare recurring forename Lyon) persisted at Earsham into the 18th-19th centuries; the manorial succession should structure the family across the gap from the 1638 will to the 1710s and may name the young John (b. by 1624) as a tenant.",Y,"Triaged 2026-06-11 — DGS read from info panel: 004389278 (Earsham = item 17 of 18; film also carries Docking and Diss, whose Gurn* cards are the 19th-20th-c. banking Gurneys). Earsham subset of the 48-card Gurn*/Gourn* sweep: Lyon Gurney active tenure entries (Latin) 1719-1734 incl. a close called Broadland and land toward Ditchingham (machine reads Lyon as 'my son'/'Sion'/'Simon'/'Leon'); 'Lands late of Lyon Gurney' abuttal recitals 1744-1811; 'Land late of Susan Gurney' 1748; recitals of 'Copyhold Land of the Tenement Gurneys heretofore of John Plough/Clough called Hallsty' with recited years incl. 1642/1649/1654 (possible chain back to the 1638 testator's messuages — image-read target, arks S3HY-6XPS-TZT et al.); a 1722-1780 multi-party deed with a Gurney 'of the sixth part'. NEXT: image reads of the 1719-24 Lyon admissions and the Tenement-Gurneys recital",research/people/john-gurney-earsham-will-1638.md
L-110,70,G13/Related,"Sarah Gurney of Bungay 1710 nuncupative will + the 1690s Barsham-Suffolk will","Norwich Wills 1709-1711, image 450 (ark:/61903/3:1:3Q9M-CSND-1SKS-C); Cambs/Suffolk/Norfolk Wills 1691-1698, image 202 (ark:/61903/3:1:3Q9M-C39Z-BJML)","Image-read both: (a) the 4 June 1710 memorandum made at the house of Lyon Gurney of St Peter Parmentergate, Norwich (the laceweaver Francis B's parish!) for his sick mother Sarah Gurney of Bungay — recover her bequests and any named kin; (b) the 1690s will whose testator (son-in-law Richard Nelson; Woolnough kin; lands at Barsham/Shipmeadow, Suff) leaves legacies 'to John Gurney, Thomas [& L?i]on Gurney and to Mary Farrow, my Sister Sarah Gurney children' — identify the testator (name on a neighbouring image) and so Sarah's maiden family.",Y,"Done at working level 2026-06-11 — (a) Bungay memorandum image-read in full: made Sunday 4 Jun 1710 at the house of Syon [Lyon] Gurney of St Peter per Mountergate [Parmentergate] Norwich; Sarah (dwelling Bungay) had nursed Lyon AND HIS WIFE ~a month in their sickness, died of it ~15 days later; all moveables to son Lyon ('for to bury her'), daughter Mary 'had had enough already'; witnesses Thomas Loades, a Loades by mark, Rachel Kingston (subscribed 22 Jun); proved Norwich 22 Jun 1710 before Peter Burgess, surrogate of Thomas Tanner S.T.P. (b) the 1690s testator IDENTIFIED via paleography packet 11 — JAMES ADAMS of Bungay, merchant, will 31 Jan 1692[/3] (4 W&M): 'my sister Sarah Gurney' (so Sarah likely nee Adams) gets a £6 life annuity out of his Mettingham estate; her children John, Thomas, Lyon Gurney and Mary Farrow £5 apiece; son-in-law/executor Richard Nelson (m. daughter Margaret) takes Barsham/Shipmeadow/Mettingham lands; the ADJACENT will of Mary Scamler/Scambler of Norwich widow (22 Jan 1688/9, images 199-201) is unrelated to the Gurneys (initial conflation corrected by the packet read). Remaining: James Adams's probate clause (beyond the staged images)",research/people/john-gurney-earsham-will-1638.md
L-111,85,G13-G15,"Norwich wills register series — systematic Gurney sweep by register year","FamilySearch 'Norwich. Wills <years>' / 'Norfolk|Suffolk|Cambridgeshire. Wills <years>' film series (instances seen: 1556-1557 = DGS 008076312; 1638-1639 = 008076858; 1691-1698; 1709-1711; abstracts volume = 008480295)","The Norwich-circuit will registers are digitised in FTS as year-labelled films. Locate the registers covering 1615-1623 and 1648 and sweep Gurn*/Gournay: HENRY GURNEY G15 (d. 1615, probate 1623 — his will would be the single best G13-origin document outside a baptism) and EDMUND GURNEY the Divine (d. 1648, bur. St Peter Mancroft; wife Ellen, alive Jun 1643) — resolves lead L-6 at register level. Method: find any FTS hit in the right year-range via global +Gurn* queries with the century filter, read the film title/DGS from the info panel, then film-scope.",Y,"Major progress 2026-06-11 — register series fully mapped from the FS catalog (koha:278818): NCC regd. copy wills incl. 1615-16=DGS 008076508, 1617-18=008076509, 1619-20=008076510, 1621-23 (vols 116-118)=008470484, 1643-46 (vol 133)=008402405, 1647-51 (vol 134)=007904832; Interregnum gap vol 134->135 (1651->1660). HENRY: will FOUND and expert-read (paleography packet 10) — 'I Hen[ry] Gurnay of Greate Elingham … Esquier', made 1 May 1621 (19 James I), proved Norwich 23 Oct 1623 before Nathaniel Yednam/Yedham LL.D., administration to ANTHONY GURNAY 'natural and lawful son'; eldest son Thomas (basin & ewer) alive May 1621; sons Henry, Edward, Francis already portioned; Francis gets 'all my bookes in Latyne'; unmarried daughters Anne and Abigail £200 portions + £20/yr; £10 poor-stock to Great Ellingham; NO wife named (Ellen presumably predeceased); no New England kin, no grandchildren named. Death window now 1 May 1621 x 23 Oct 1623 — supersedes d. 1615/16; spans images 594-596; 1615-20 registers swept clean (no other Gurney testator). EDMUND: clean machine-level negative in vols 133 and 134 (both FTS-covered, +wife probe positive; Gurn*/Gourn*/+Harpley all zero) — NEXT: PCC (TNA PROB 11) for a 1648-52 or Interregnum probate",research/people/g13-john-gurney-fact-sheet.research.md
L-113,50,Related,"Thomas Gurney III (G15's eldest son) — death-date conflict","Daniel Gurney Record p. 287 / Pease vs Henry G15's last will (NCC 1621-23 register, DGS 008470484 images 594-596)","The family genealogies date Thomas III's death 1614 vita patris, but Henry G15's last will (1 May 1621, expert-read, packet 10) bequeaths his silver-gilt basin and ewer to 'my eldest sonne Thomas'. Either Thomas died 1621x1623 (still vita patris) and the 1614 date confuses the 1614 will, or the register text recites the revoked 1614 will. Trace the 1614 claim to its root (DG p. 287; Pease; any West Barsham burial register) and check Martha (Lewknor) Gurney's widowhood records. Collateral (not direct line), so medium priority.",Y,Open,research/people/g15-henry-gurney-fact-sheet.research.md
L-112,90,G17/G16/G15,"Anthony G17's 1557 will — death-date and pedigree reconciliation","Will transcription at sources/corpus_supplement/ncc-will-1557-anthony-gurney-great-ellingham-transcription.md; Blomefield vol. i pp. 482-490 and vol. vii pp. 42-47; Visitation of Norfolk (Harleian 32) p. 141; Daniel Gurney 1848 pedigree p. 287","Reconcile the will (made 6 Dec, proved 10 Dec 1557 — death early Dec 1557) with Blomefield's 4 Jan 1555/6 death date; explain the missing son (Francis G16 — predeceased? settled separately?) and the absence of Henry G15 from the six named grandchildren (Anthony, Thomas, Elizabeth, ffrances, Anne Gurney, Anthony Drury); identify the daughters Elizabeth and Cicely and executor Robert Notary. Outcome feeds the G17/G16/G15 fact sheets and ancestors.json death date.",Y,"Evidence added 2026-06-11 — NCC registers 1546-1557 swept for a Francis G16 will (films 008076309/008280258/008076310/008076311/008076312, Gurn*/Gourn*/Curn*/Barsham/Elingham probes): NEGATIVE — no Francis Gurney testator, consistent with Francis dying as heir-apparent under his father's roof before Jan 1555/6 (or Dec 1557 per the will-revised G17 death). Anthony's will-continuation page (image 146, grandchildren/education clause) confirmed as part of the already-captured L-100 image set. Context cards: Walter Bartram of Great Ellingham nuncupative will c.1554-6 (chancel burial; ark 3:1:3Q9M-CSN8-19L7-M); 1551-52 register index lists testators 'Gregory Gurnarde' and 'Robert Gurnard' (see L-114). RECONCILIATION DRAFTED 2026-06-12 (analysis file sources/intake/new/analysis-2026-06-12-l112-anthony-g17-will-reconciliation.md — for patchset v91): the 14-year trust (1557->1571) is the keystone. (1) Death = early Dec 1557 (will primary); Blomefield's 'd. 4 Jan 1555/6, Henry aged 21' telescopes death+livery — the 'aged 21' is Henry's livery age c.1570 as the trust ended. (2) Francis G16 predeceased (before Dec 1557) — will-corroborated vita patris (no living son in the will). (3) Henry G15 omitted BECAUSE he is the heir-at-law taking the entailed manors by descent (no legacy needed); the 14-yr trust manages his minority. The 6 grandchildren are most economically Francis G16's children = Henry's SIBLINGS (5 Gurney-surnamed) + a Drury cousin; corroborated by Henry naming his own children Anthony/Thomas/Elizabeth/Anne after them. New G17 daughters: Elizabeth (£200, unmarried) and Cicely (£20, married) + a Drury-married daughter. ONE VERIFY STEP REMAINS: cross-check the Visitation (Harleian 32 p.141) Francis-G16 child-set against Anthony/Thomas/Elizabeth/ffrances/Anne before promoting the sibling names to confirmed. PROMOTED in v92 2026-06-13 (G17 companion conflict resolved + livery-age reconciliation; G16 companion + ancestors.json already carried the heir-at-law core)",research/people/g17-anthony-gurney-fact-sheet.research.md
L-114,30,Collateral,"Gurnard/Gurney testators in the NCC register 1551-52","NCC regd. copy wills vol. 58 area, 'Norwich. Wills 1551-1552' = FamilySearch DGS 008076310; register index card ark 3:1:3Q9M-CSN8-YSDF-T","The register's own index (image-read pending) lists 'Gregory Gurnarde de Re[—] … 224' and 'Robert Gurnard d[e] [—]' — two mid-Tudor testators under a Gurney-adjacent surname (Gurnard is a distinct surname but 16th-c. spelling overlaps Gurney); also a will token 'I order and make John Gurney [executor?]' (ark 3:1:3Q9M-CSN8-YSDJ-T) and a probate-clause token 'Thome Curnor' (ark 3:1:3Q9M-CSN8-YS6K-N). Pull the index page and the two testator entries to classify Gurnard-vs-Gurney; possible kin of the L-68 mid-Norfolk Gurnay collaterals.",Y,Open,research/places/great-ellingham.md
