dump_file,finding_id,finding_heading,destination_type,destination_path,disposition,source_registration_required,research_item_ids,source_ids,lead_action,lead_ids,notes
sources/intake/dump-files/dump-2026-07-01-g13-colonial-massbay-campaign.md,F1,"Pope Pioneers (1900): Cheny/Gurney conflict resolved as typo, plus a NEW 1646 petition record",topic,g13-family-wives-marriages; g13-colonial-braintree-community,synthesized,yes,G13-RI-000060;G13-RI-000061,pope-pioneers-of-massachusetts-1900,append-status-note,L-11,"PARTIAL, synthesized 2026-07-06. Cheny/Girny typo part -> g13-family-wives-marriages: Pope's typo ruling registered as pope-pioneers-of-massachusetts-1900 (NEW source, data/sources.json v1.9.0 + validation worksheet) and carried as published_source_statement RI-000060 SUPPORTS the reading finding RI-000061. Backlog residual (NOT assimilated): the NEW '[Arch. 45]' 1646 Braintree meadows petition -> g13-colonial-braintree-community / record-coverage (needs Massachusetts Archives vol.45 registration + image pull). Lead L-11 advanced."
sources/intake/dump-files/dump-2026-07-01-g13-colonial-massbay-campaign.md,F2,"Jane Gurney of Mendon m. John Bundy Sr., 9 Jan 1676 - Pope vs Torrey Ruth",topic,g13-family-mendon-descendants,synthesized,no,G13-RI-000127;G13-RI-000128,pope-pioneers-of-massachusetts-1900,,,"Synthesized 2026-07-09 into g13-family-mendon-descendants. Superseded by F2-RESOLVED (bride is Ruth, not Jane); Pope's error is carried as a contradicting source link on source_evidence RI-000127 and explained in finding RI-000128."
sources/intake/dump-files/dump-2026-07-01-g13-colonial-massbay-campaign.md,F3,"Jane Gurnet, legatee in a 1664 Dorchester will (co-legatees include Braintree minister)",topic,g13-family-colonial-collaterals,synthesized,yes,G13-RI-000142;G13-RI-000144,nehgr-13-abstracts-of-early-wills-1859,,,"Synthesized 2026-07-10 into g13-family-colonial-collaterals: the Laver-will bequest is source_evidence RI-000142 (nehgr-13-abstracts-of-early-wills-1859, NEW source registered); the Gurnell-family resolution (Jane Gurnet = Jane Gornell) is carried in negative_result RI-000144 alongside round-2 F-R3."
sources/intake/dump-files/dump-2026-07-01-g13-colonial-massbay-campaign.md,F4,"Suffolk Deeds Liber I index: ""Gurner, James, 5"" - unexplained James Gurn- in Boston deed registry",topic,g13-family-colonial-collaterals,partial,yes,G13-RI-000140;G13-RI-000141,suffolk-deeds-liber-i-1880,,,"PARTIAL, assimilated 2026-07-10 into g13-family-colonial-collaterals: the index line itself is source_evidence RI-000140 (suffolk-deeds-liber-i-1880, NEW source registered); the identity question is carried forward, not resolved, as open_question RI-000141 - printed p.5 body text still needs to be read. Row stays partial until that read closes it."
sources/intake/dump-files/dump-2026-07-01-g13-colonial-massbay-campaign.md,F5,MBCR v5 p.540: Richard Gurney (G12) freeman-list entry pinned,other-subject,G12 companion,,,,,,,Un-dispositioned. G12 corroboration; routes external.
sources/intake/dump-files/dump-2026-07-01-g13-colonial-massbay-campaign.md,F6,Colony-level and Boston-level NEGATIVES from the full-text sweeps,topic,g13-colonial-record-coverage; g13-research-source-coverage,partial,no,G13-RI-000179;G13-RI-000181;G13-RI-000041,boston-town-records-1634-1660;suffolk-deeds-liber-i-1880;massachusetts-bay-records-v1-1853;massachusetts-bay-records-v2-1853,,,"[G3 2026-07-10] Record-coverage facet assimilated: the Boston/colony printed record-class negatives are carried in g13-colonial-record-coverage as RI-000179 (Boston-silence synthesis) and RI-000181 (Boston town/notarial/deed/vital classes: boston-town-records-1634-1660, suffolk-deeds-liber-i-1880), and the colony two-entries + never-freeman facet in RI-000041 (massachusetts-bay-records v1/v2). Aspinwall and Lechford were swept but are not yet registered (carried at archive-identifier level). The g13-research-source-coverage infrastructure-exhaustion facet is already held by RI-000053. Row stays partial."
sources/intake/dump-files/dump-2026-07-01-g13-colonial-massbay-campaign.md,F2-RESOLVED,The Bundy bride is RUTH (Pope Jane is Pope error); primary record verbatim; two NEW colonial spelling variants,topic,g13-family-mendon-descendants,synthesized,yes,G13-RI-000127;G13-RI-000128;G13-RI-000135,plymouth-colony-records-vol8-shurtleff-pulsifer-1857;taunton-vital-records-to-1850-vol2-marriages-1928,,,"Synthesized 2026-07-09 into g13-family-mendon-descendants. Two NEW sources registered (plymouth-colony-records-vol8-shurtleff-pulsifer-1857; taunton-vital-records-to-1850-vol2-marriages-1928, data/sources.json v1.13.0 + validation worksheets), carried as source_evidence RI-000127 SUPPORTS the household finding RI-000128. The 'NEW unplaced person: Elizabeth Gurney m. Timothy Cooper, Taunton 1706' facet is carried as open_question RI-000135 (taunton-vital-records journeys there too, role mentions). The Surney/Garney colonial-spelling-variant recommendation for data/search-variants.json is NOT actioned by this increment and stays backlog."
sources/intake/dump-files/dump-2026-07-01-g13-colonial-massbay-campaign.md,F3-VERBATIM,"The Laver will text (NEHGR 13:13): ""to Jane Gurnet, 2s for a memorandum""",source-artifact,g13-family-colonial-collaterals,synthesized,yes,G13-RI-000142,nehgr-13-abstracts-of-early-wills-1859,,,Synthesized 2026-07-10: the verbatim will text is carried as source_evidence RI-000142's statement and footnote quotation in g13-family-colonial-collaterals.
sources/intake/dump-files/dump-2026-07-01-g13-colonial-massbay-campaign.md,F7,"L-11 BREAKTHROUGH: Braintree manuscript stream at image level - ""Cheny"" is a later pencil annotation; fair copy ink reads ""John GIRNY, Senior""",topic,g13-family-wives-marriages,synthesized,no,G13-RI-000059;G13-RI-000061,familysearch-fulltext-search,append-status-note,L-11,"Synthesized 2026-07-06 into g13-family-wives-marriages: the DGS 007009769 fair-copy image (ink 'John Girny, Senior'; 'Cheny/Kidbee' a later pencil margin note) is source_evidence RI-000059 SUPPORTS the reading finding RI-000061 that resolves 'John Cheny' to John Gurney (~85-90%). familysearch-fulltext-search journeys. Residual: the deaths-page letterform packet (secretary Ch vs G) is the open paleography lead, not un-assimilated content. Lead L-11 near-resolved."
sources/intake/dump-files/dump-2026-07-01-g13-colonial-massbay-campaign.md,F8,FTS colony-level probe set (Mass Bay / State Archives films): no new John Gurney document,topic,g13-colonial-record-coverage,assimilated,no,G13-RI-000182,familysearch-fulltext-search,,,[G3 2026-07-10] Assimilated into g13-colonial-record-coverage as negative_result RI-000182 (FamilySearch full-text manuscript sweep of the Mass Bay colony-records films + Mass Archives Felt volumes finds no new John Gurney document); combined with the F-R4.11 meadowes-residual closure. familysearch-fulltext-search journeys via RI-000182.
sources/intake/dump-files/dump-2026-07-01-g13-colonial-massbay-campaign.md,F9,"FLAGSHIP: Brampton Gurdon to John Winthrop, 20 Oct 1627 - West Barsham Gurney heir in Winthrop network",topic,g13-origin-wardship-network;g13-identity-assessment,assimilated,,G13-RI-000080;G13-RI-000083;G13-RI-000175,,,,"ASSIMILATED across two increments. WARDSHIP-NETWORK INCREMENT (2026-07-06): the origin/wardship-network bearing is the 1627 letter RI-000080 and the network finding RI-000083. IDENTITY-ASSESSMENT INCREMENT (2026-07-10): the Candidate-B bearing the wardship pass deliberately deferred - whether John emigrated through this patronage network - is now open_question RI-000175, which DEPENDS_ON RI-000083, QUALIFIES the parentage hypothesis RI-000145, and names the Norwich institution-book search as the test that would close the chain. The row's two destinations are both authored; it is no longer backlog."
sources/intake/dump-files/dump-2026-07-01-g13-colonial-massbay-campaign.md,F10,"Records of the Suffolk County Court 1671-1680 (CSM 29-30): unresolved ""Gurney, --, 481"" index entry",topic,g13-family-colonial-collaterals,synthesized,yes,G13-RI-000143;G13-RI-000144,suffolk-county-court-records-1671-1680-csm-29-30,,,"Synthesized 2026-07-10 into g13-family-colonial-collaterals via round-2 Input-5's p.481 text: source_evidence RI-000143 (the surety record, suffolk-county-court-records-1671-1680-csm-29-30 NEW source registered) and negative_result RI-000144 (Gurnell-family resolution)."
sources/intake/dump-files/dump-2026-07-01-g13-colonial-massbay-campaign.md,F11,Hingham arrival-vector delta (L-188): Hobart journal route identified but gated; FTS Hingham negative reinforced,topic,g13-colonial-arrival-chronology; g13-colonial-record-coverage,partial,no,G13-RI-000078;G13-RI-000179,familysearch-fulltext-search,,,"[G3 2026-07-10] Record-coverage facet assimilated: the Hingham record-class negative is drawn into g13-colonial-record-coverage via RI-000179 (SYNTHESIZES the migration-network Hingham negative RI-000078), with familysearch-fulltext-search journeying through the unit FTS sweep RI-000182; the gated Hobart-journal (NEHGR 121) arrival-vector lead stays backlog. THREAD 3 REVIEW (2026-07-05): reconciled but retained as backlog, not assimilated into the arrival unit. F11 is two things: (a) a Hingham record-class NEGATIVE (FTS +Gurney/+Gurny +Hingham yields zero pre-1800 Hingham-town hits; the Hobart-journal rootsweb page is excerpts-only, not a valid negative) whose canonical home is g13-colonial-record-coverage; and (b) a GATED open lead (the full NEHGR-121/AmericanAncestors Hobart journal is the untested best Hingham source for a transient Gurney 1638-41). The arrival unit dates John's firm Weymouth presence and is Weymouth-anchored; the Hingham arrival-VECTOR reception model is migration-network material developed in the immigration-by-association topic, cross-referenced there rather than restated in the arrival unit. No arrival-unit item warranted; sources (familysearch-fulltext-search; Hobart journal, unregistered) route to record-coverage/migration-network at those increments. MIGRATION-NETWORK INCREMENT (2026-07-06): facet (a), the Hingham record-class negative, is now carried in g13-origin-migration-network as negative_result RI-000078 (familysearch-fulltext-search journeys there as the reception-corridor test); facet (b), the gated NEHGR-121 Hobart journal, remains an open lead (L-188 advanced), and the record-coverage bearing stays backlog for a fuller record-coverage pass. Row stays backlog (multi-destination); not false-closed."
sources/intake/dump-files/dump-2026-07-01-g13-colonial-round2-ward-county.md,Input-1,County-framing correction (methods guidance),cross-cutting,research/topics (method note),,,,,,,"Un-dispositioned backlog. Method guidance, not a G13 finding."
sources/intake/dump-files/dump-2026-07-01-g13-colonial-round2-ward-county.md,Input-2,"Anderson ""Boston"" (user hypothesis to carry)",topic,g13-identity-assessment,assimilated,,G13-RI-000176,anderson-gmd-2015,,,"ASSIMILATED (2026-07-10) into g13-identity-assessment as analysis RI-000176: Anderson's ""Boston"" settlement attribution reads as a conflation with the 1636 Newgate apprentice, who lived as a servant in John Newgate's Boston household. The user's transient-lodging scenario is carried in the item statement and in the topic prose as possible but invisible in principle, so neither testable nor usable. The Boston record-class sweep that closes the attribution (dump F-R4.2, Boston First Church) belongs to g13-colonial-record-coverage and needs csm-39-boston-first-church registered; it is not borrowed here."
sources/intake/dump-files/dump-2026-07-01-g13-colonial-round2-ward-county.md,Input-3,Hobart journal partial transcript (user-created),source-artifact,sources corpus,,,,,,,Un-dispositioned backlog. Resolved by F-R2 (John Garnet = Hingham Gardner/Garnet).
sources/intake/dump-files/dump-2026-07-01-g13-colonial-round2-ward-county.md,Input-4,TNA WARD search results (user-found; MAJOR),topic,g13-origin-wardship-network,assimilated,yes,G13-RI-000081,tna-ward-c142-west-barsham-gurney-inquisitions,,,Assimilated 2026-07-06 into g13-origin-wardship-network as source_evidence G13-RI-000081 (West Barsham wardship inquisitions). Registered new source tna-ward-c142-west-barsham-gurney-inquisitions (catalogue level; document pulls queued offline).
sources/intake/dump-files/dump-2026-07-01-g13-colonial-round2-ward-county.md,Input-5,CSM Suffolk County Court p.481 (resolves round-1 F10),topic,g13-family-colonial-collaterals,synthesized,yes,G13-RI-000143;G13-RI-000144,suffolk-county-court-records-1671-1680-csm-29-30,,,Synthesized 2026-07-10 into g13-family-colonial-collaterals alongside round-1 F10 (same p.481 text): source_evidence RI-000143 and negative_result RI-000144.
sources/intake/dump-files/dump-2026-07-01-g13-colonial-round2-ward-county.md,F-R1,Chancery IPM series completes the Ward-line picture (Edward Gournay 1641/2 inquisition + direct-ancestor IPMs),other-subject,origin / English-line files,,,,,,,"Un-dispositioned backlog (English side). WARDSHIP-NETWORK INCREMENT (2026-07-06): the wardship-relevant IPMs (Thomas Gurney III 1616/17; Edward Gournay 1641/2, C 142/613/60) are folded into g13-origin-wardship-network G13-RI-000081 via tna-ward-c142-west-barsham-gurney-inquisitions. Row kept in backlog: the direct-ancestor IPMs (Anthony G17, William G19, etc.) belong to the English-line / place files and are not assimilated here."
sources/intake/dump-files/dump-2026-07-01-g13-colonial-round2-ward-county.md,F-R2,"Hobart ""John Garnet maried at Boston"" (10 Apr 1651) = Hingham GARDNER/GARNET family, not a Gurney",cross-cutting,false-friends registry,,,,,,,Un-dispositioned backlog. Resolves Input 3 (negative/false-friend).
sources/intake/dump-files/dump-2026-07-01-g13-colonial-round2-ward-county.md,F-R3,"Dorchester resolved: ""Goodman Gurney of Dorchester"" = GURNELL family; ""Jane Gurnet"" = Jane Gornell",cross-cutting,false-friends registry; g13-family-colonial-collaterals,partial,yes,G13-RI-000142;G13-RI-000143;G13-RI-000144,boston-record-commissioners-fourth-report-1880;records-first-church-dorchester-1891;nehgr-13-abstracts-of-early-wills-1859;suffolk-county-court-records-1671-1680-csm-29-30,,,"PARTIAL, assimilated 2026-07-10: the g13-family-colonial-collaterals half is fully authored (source_evidence RI-000142/000143, negative_result RI-000144; two NEW sources registered, boston-record-commissioners-fourth-report-1880 and records-first-church-dorchester-1891, alongside the already-registered suffolk-county-court-records-1671-1680-csm-29-30 and nehgr-13-abstracts-of-early-wills-1859). The cross-cutting 'false-friends registry' destination does not exist as a repo artifact yet and stays backlog; this finding's content is not lost if that registry is built later, it is discoverable via the collaterals topic and these sourceIds."
sources/intake/dump-files/dump-2026-07-01-g13-colonial-round2-ward-county.md,F-R4,Boston VR 1630-1699: exactly ONE Gurney - Samuel Gurney m. Sarah Shapley (late 1690s),topic,g13-colonial-record-coverage,partial,yes,G13-RI-000181,boston-record-commissioners-ninth-report-1883,,,[G3 2026-07-10] Boston-VR record-coverage facet assimilated into g13-colonial-record-coverage RI-000181 (no John-era Gurney; the sole hit is the 1693 Samuel x Shapley descendant marriage). New source boston-record-commissioners-ninth-report-1883 registered (sources.json v1.17.0 + validation worksheet). The Samuel Gurney descendant-person facet routes to g13-family-mendon-descendants and stays backlog there.
sources/intake/dump-files/dump-2026-07-01-g13-colonial-round2-ward-county.md,F-R5,Immigration-by-association: proposed extension (new association class),topic,g13-origin-wardship-network;g13-identity-assessment,assimilated,,G13-RI-000083;G13-RI-000175,,,,"ASSIMILATED across two increments. The proposed ""Class 4: English patronage/legal network"" association class is the wardship-network finding RI-000083 (2026-07-06); its identity bearing - whether the class explains John's own crossing - is open_question RI-000175 in g13-identity-assessment (2026-07-10), which states plainly that the network attaches to the senior branch and not to him. The non-identity reception-network classes stay in g13-origin-migration-network (RI-000076, RI-000090)."
sources/intake/dump-files/dump-2026-07-01-g13-colonial-round2-ward-county.md,F-R6,"Providence early records (vols 1-5,8,11,16): no Gurney; distinct Providence GARNET family",cross-cutting,g13-colonial-record-coverage; false-friends registry,partial,yes,G13-RI-000183,early-records-town-of-providence,,,"[G3 2026-07-10] Record-coverage facet assimilated into g13-colonial-record-coverage RI-000183 (no Gurney in the early Providence town/probate records; bounds John unrecorded Quinapaug interest, cross-referenced to frontier RI-000030). New source early-records-town-of-providence registered (sources.json v1.17.0 + validation worksheet). The Providence-Garnet false-friend facet routes to the not-yet-built false-friends registry and stays backlog."
sources/intake/dump-files/dump-2026-07-01-g13-colonial-round2-ward-county.md,F-R7,Warford: negative in Venn and Foster; CCEd is the remaining route,topic,g13-origin-wardship-network,assimilated,yes,G13-RI-000085,alumni-cantabrigienses-venn;foster-alumni-oxonienses-1500-1714,,,"Assimilated 2026-07-06 into g13-origin-wardship-network as open_question G13-RI-000085 (Warford unidentified). Venn already registered; Foster registered new (foster-alumni-oxonienses-1500-1714). CCEd (Norwich institutions) remains the open lead, noted in the item and prose."
sources/intake/dump-files/dump-2026-07-02-g13-colonial-round3-english-network.md,F-R3.1,Muskett read (W1): Gurdon-of-Assington pedigree grounds the ward-line network; no Gurney in Muskett,topic,g13-origin-wardship-network,assimilated,yes,G13-RI-000082,muskett-suffolk-manorial-families-v1-1900,,,Assimilated 2026-07-06 into g13-origin-wardship-network as source_evidence G13-RI-000082 (Gurdon-Sedley-Lewkenor puritan matrix). Registered new source muskett-suffolk-manorial-families-v1-1900.
sources/intake/dump-files/dump-2026-07-02-g13-colonial-round3-english-network.md,F-R3.2,"Will of Martha Heigham of Denham, 1591 (PCC 55 Nevell): Martha Lewkenor named; Denham puritan matrix",topic,g13-identity-candidate-b; g13-origin-wardship-network,,,,,,,"Un-dispositioned backlog. WARDSHIP-NETWORK INCREMENT (2026-07-06): the Denham puritan-matrix bearing (Martha Lewkenor among the Lewkenor sisters; Emmanuel College) is assimilated into g13-origin-wardship-network G13-RI-000082 via muskett-suffolk-manorial-families-v1-1900 (which prints the will). Multi-destination row kept in backlog: the Candidate-B identity bearing remains for the identity pass. Update 2026-07-10: the identity-side question this row carries - whether the senior branch's puritan matrix bears on Candidate B - is now framed as open_question RI-000175 in g13-identity-assessment, which answers it with no record connecting John to the network. The Martha Heigham will's own Candidate-B reading is still unassimilated; row stays backlog, not false-closed. Re-reviewed at the 2026-07-10 wardship-network revision: the wardship-network / puritan-matrix bearing remains fully homed in G13-RI-000082 (Muskett vol.1 prints the will at pp.289-290; Martha Lewkenor among the Denham sisters, the Emmanuel College scholarship, the Geneva Bible to Denham church all carried in prose and RI-000082) - nothing genuinely unhomed for this unit, so no new item was created; the Candidate-B identity bearing stays backlog for the identity pass."
sources/intake/dump-files/dump-2026-07-02-g13-colonial-round3-english-network.md,F-R3.3,Winthrop Papers I (W2): letter at p.363; editors did not identify Warford or Mrs. Gurny; second Gurdon Wards petition,topic,g13-origin-wardship-network,assimilated,yes,G13-RI-000080;G13-RI-000085,mhs-winthrop-papers-gurdon-to-winthrop-1627,,,"Assimilated 2026-07-06 into g13-origin-wardship-network as source_evidence G13-RI-000080 (the 1627 Gurdon-Winthrop letter, cited at I:363 / PWF01d256) and open_question G13-RI-000085 (Warford). Registered new source mhs-winthrop-papers-gurdon-to-winthrop-1627."
sources/intake/dump-files/dump-2026-07-02-g13-colonial-round3-english-network.md,F-R3.4,"Boston 9th report year block CONFIRMED 1693 (W7): Samuel Gurney x Sarah Shapley, 26 Oct 1693",topic,g13-colonial-record-coverage,partial,yes,G13-RI-000181,boston-record-commissioners-ninth-report-1883,,,"[G3 2026-07-10] The 1693 year-block confirmation is carried with F-R4 as the single out-of-window Boston-VR hit noted in RI-000181 (boston-record-commissioners-ninth-report-1883, p.210). The Samuel x Shapley descendant-marriage datum itself routes to g13-family-mendon-descendants and stays backlog there."
sources/intake/dump-files/dump-2026-07-02-g13-colonial-round3-english-network.md,F-R3.5,"Dedham: ""Goodman Gurney of Dorchester, a Tanner"" (2 Jan 1670/1) - the Dorchester Gurnell figure with occupation",cross-cutting,false-friends registry,,,,,,,Un-dispositioned backlog.
sources/intake/dump-files/dump-2026-07-02-g13-colonial-round3-part2.md,F-R3.6,Blomefield advowson sweep (W4): West Barsham vicarage GURNEY-patronage 1603; Warford institution invisible,topic,g13-origin-wardship-network,assimilated,no,G13-RI-000185,blomefield-norfolk,,,"ASSIMILATED (2026-07-10, wardship-network revision) into g13-origin-wardship-network as source_evidence G13-RI-000185: Blomefield's parish-advowson sweep (West Barsham vicars list, Gurney patron 1603, 1603-1743 institution gap; Harpley and Great Ellingham excluded as the 1627 living) - the patron-side lever on the open Warford question, QUALIFIES RI-000085. blomefield-norfolk already registered; West Barsham advowson extract added to sources/corpus_supplement/blomefield-norfolk-vol7-pp42-47-west-barsham.md. The advowson finding has a single home here; the earlier g13-identity-candidate-b routing is subsumed (no separate candidate-b item due)."
sources/intake/dump-files/dump-2026-07-02-g13-colonial-round3-part2.md,F-R3.7,"Winthrop Papers I (W3): Adam Winthrop diary memorializes Lewkenor deaths 1605; MHS index proposes ""Warford (Walford?)""",topic,g13-origin-wardship-network,assimilated,yes,G13-RI-000186,mhs-winthrop-papers-adam-winthrop-diary-1605,,,"ASSIMILATED (2026-07-10, wardship-network revision) into g13-origin-wardship-network as source_evidence G13-RI-000186: Adam Winthrop's diary (Winthrop Papers I:153) recording the 3 Oct 1605 deaths of Sir Edward Lewkenor of Denham and Susan (Heigham), Martha (Lewkenor) Gurney's parents; SUPPORTS the founders-network finding RI-000083. NEW source mhs-winthrop-papers-adam-winthrop-diary-1605 registered (sources.json v1.18.0 + validation worksheet). The Warford/Walford spelling-variant point was already reflected in RI-000085 (2026-07-06)."
sources/intake/dump-files/dump-2026-07-02-g13-colonial-round3-part2.md,F-R3.8,NEW PERSON: Elizabeth Gournay m. Bozoune Crowe of East Bilney (before 20 Dec 1636) - senior branch in East Dereham orbit,topic,g13-identity-candidate-b; g13-origin-wardship-network,assimilated,,G13-RI-000166;G13-RI-000168,muskett-suffolk-manorial-families-v2-1900,,,"ASSIMILATED (2026-07-09) into g13-identity-candidate-b: Elizabeth, dau. of Thomas Gurney III and sister of Edward Gournay of West Barsham, m. Bozoune Crowe of East Bilney before 20 Dec 1636 (source_evidence G13-RI-000166), supporting the senior-branch-in-the-East-Dereham-orbit finding G13-RI-000168. Muskett vol. 2 registered this increment as muskett-suffolk-manorial-families-v2-1900 with a validation worksheet. The wardship-network bearing (a new senior-branch daughter for the West Barsham pedigree) remains available to a later g13-origin-wardship-network revision; the identity bearing this row was held for is now closed."
sources/intake/dump-files/dump-2026-07-02-g13-colonial-round3-part2.md,F-R3.9,L’Estrange jest-book Gurney anecdotes are KIN-SOURCED (Sir Nicholas L’Estrange m. Anne Lewkenor),topic,g13-origin-wardship-network,assimilated,yes,G13-RI-000187,muskett-suffolk-manorial-families-v2-1900;thoms-anecdotes-traditions-1839,,,"ASSIMILATED (2026-07-10, wardship-network revision) into g13-origin-wardship-network as research_finding G13-RI-000187: Sir Nicholas L'Estrange's marriage to Anne Lewkenor of Denham (niece of Martha (Lewkenor) Gurney, first cousin of Edward Gournay) makes the Thoms 1839 jest-book Gurney anecdotes kin-sourced family testimony; explains 'Frances Hood'=Frances Hovell and shows the erroneous '1614' death circulated inside the family. CONTEXTUALIZES the pedigree evidence RI-000081; new subsection with marker G13-PM-000113. Sources muskett-suffolk-manorial-families-v2-1900 and thoms-anecdotes-traditions-1839 both already registered (Phase 1 / earlier)."
sources/intake/dump-files/dump-2026-07-02-g13-colonial-round3-part2.md,F-R3.10,"Hovell records confirm Frances Hovell as Edward Gournay wife, alive as kin 1647 (Mary Goodwin 1647 will ""Cozen Gurney"")",topic,g13-identity-candidate-b,assimilated,,G13-RI-000167;G13-RI-000168,muskett-suffolk-manorial-families-v2-1900,,,"ASSIMILATED (2026-07-09) into g13-identity-candidate-b as source_evidence G13-RI-000167: the two Hovell charts and Mary Goodwin's 1647 will ('sister Frances Hovell of Hillington Cozen Gurney') confirm Frances Hovell as Edward Gournay's widow and show the Hovells acknowledging Gurney kin in Nov 1647; supports G13-RI-000168. Muskett's 'East Basham/East Barsham' is flagged as a slip for West Barsham, not resolved. The 'Frances Hood' garble and the L'Estrange/Lewkenor kin-sourcing of the Thoms anecdotes (F-R3.9) are not assimilated here."
sources/intake/dump-files/dump-2026-07-02-g13-colonial-round3-part2.md,F-R3.11,"Bury <-> New England conduit: Thomas Chaplin 1672 Bury will leaves 40 pounds to ""Mary Gurney my servant"" beside NE debt",topic,g13-origin-bury-connections,assimilated,yes,G13-RI-000188,muskett-suffolk-manorial-families-v3-1900,,,"ASSIMILATED (2026-07-10) into g13-origin-bury-connections as source_evidence G13-RI-000188: Muskett vol.3 pt.1 Chaplin-of-Bury pedigree, the 1672 will of Thomas Chaplin of Bury St Edmunds leaving 40 pounds to 'Mary Gurney my servant' beside the Jeremy Houchin New England debt; CONTEXTUALIZES the attribution finding RI-000097 as a concrete Bury<->New England corridor instance. Names no John Gurney and connects to no natal household - folded into the 'what the attribution is worth' section (marker PM-000066). muskett-suffolk-manorial-families-v3-1900 registered in Phase 1 (sources.json + validation worksheet)."
sources/intake/dump-files/dump-2026-07-02-g13-colonial-round3-part2.md,F-R3.12,"False-friend addition: Muskett renders GARNEYS as ""Gurneys"" (Mirabel)",cross-cutting,false-friends registry,,,,,,,Un-dispositioned backlog.
sources/intake/dump-files/dump-2026-07-02-g13-colonial-round4-arch45-and-network.md,F-R4.1,FLAGSHIP: 1646 Braintree meadows petition FOUND and imaged - Mass Archives vol.45 p.11; John Gurney among founding cohort,topic,g13-colonial-braintree-community,assimilated,yes,G13-RI-000184,massachusetts-archives-vol-45-lands-1622-1726,append-status-note,L-194,"[G3 2026-07-10] Assimilated into g13-colonial-braintree-community as source_evidence RI-000184 (the imaged 1646 Braintree meadows petition; Mass. Archives vol. 45 p. 11 + answer slip p. 11a, DGS 007702989 imgs 1403/1402, arks 3Q9M-C9Y5-YWYK/-YWYP), SUPPORTS the residence finding RI-000008 (strong) and the community-standing finding RI-000016 (moderate); marker G13-PM-000112. Source massachusetts-archives-vol-45-lands-1622-1726 registered in Phase 1 (validation worksheet). Distinct from the still-unlocated 1645 plantation petition (open_question RI-000017, L-191) - the topic prose states the distinction explicitly. Lead L-194 advanced (petition pulled/imaged; signature 'john gournet/gourney' = Pope GURNET head-form; autograph-vs-mark paleography still open)."
sources/intake/dump-files/dump-2026-07-02-g13-colonial-round4-arch45-and-network.md,F-R4.2,"Boston First Church records (CSM 39): ZERO Gurney 1630-1778 - last Boston record class closes vs Anderson ""Boston""",topic,g13-colonial-record-coverage,assimilated,yes,G13-RI-000180;G13-RI-000179,csm-39-boston-first-church,,,"[G3 2026-07-10] Headline: assimilated into g13-colonial-record-coverage as negative_result RI-000180 (First Church Boston, zero Gurney 1630-1778) supporting the Boston-silence synthesis RI-000179; supplies the record-level ground for the Anderson-Boston conflation reading in g13-identity-assessment RI-000176. csm-39-boston-first-church registered in Phase 1 (validation worksheet)."
sources/intake/dump-files/dump-2026-07-02-g13-colonial-round4-arch45-and-network.md,F-R4.3,"L-22 RESOLVED: 1638 ""Mr. Gurney, Soper Lane"" is ABEL GOURNEY, London cook - not Francis G14",other-subject,G14 / London-candidate,,,,,,,Un-dispositioned backlog (distinct family; lead closed).
sources/intake/dump-files/dump-2026-07-02-g13-colonial-round4-arch45-and-network.md,F-R4.4,"Bozoune Crowe PCC will PROB 11/289/177 (as ""Bozann Crome""), proved 11 Mar 1659 - image pull gated",topic,g13-identity-candidate-b,assimilated,,G13-RI-000169,tna-pcc-probate;blomefield-norfolk,,,"ASSIMILATED (2026-07-09) into g13-identity-candidate-b as open_question G13-RI-000169: Bozoune Crowe's will, PROB 11/289/177, catalogued under the misrendering 'Bozann Crome' and proved 11 March 1659, is located but unimaged; it is the one document that could convert the East Bilney geography into a stated Gournay kinship. The finding's Blomefield East Bilney check (no Gournay advowson mention) is carried through blomefield-norfolk on G13-RI-000168, which cites the same volume for the East Dereham inquisition. The image pull stays gated."
sources/intake/dump-files/dump-2026-07-02-g13-colonial-round4-arch45-and-network.md,F-R4.5,"Rev. Thomas Jenner of Weymouth pinned in Venn: eastern-counties man, ended at Coltishall Norfolk",topic,g13-origin-migration-network; g13-colonial-record-coverage,,,,,,,"Un-dispositioned backlog. THREAD 3 REVIEW (2026-07-05): Jenner's WEYMOUTH bearing (Weymouth minister 1636-40; John's 1644 £5 'Mr Ginner' bill) is already carried in the Weymouth unit — source_evidence RI-000020 (the bill) and research_finding RI-000021 (the credit tie), with history-of-weymouth + nash identifying 'Mr Ginner' = Jenner. The NEW datum here — Jenner's own Essex (Fordham) origin and Coltishall-Norfolk end, from Venn's Alumni Cantabrigienses — is a migration/reception-network datum for the Candidate-B eastern-counties reading; its home is the unstaged g13-origin-migration-network unit, not Weymouth-community. Retained as backlog. Source: Venn Alumni Cantab. pt1 vol2 (djvu staged, not yet registered). MIGRATION-NETWORK INCREMENT (2026-07-06): reviewed and deliberately deferred - Jenner's own Essex (Fordham) origin and Coltishall-Norfolk end is a Candidate-B eastern-counties reading (identity content), not the non-identity reception core; Venn was NOT registered and the datum stays backlog for the identity/origin pass. Jenner's Weymouth bearing remains in g13-colonial-weymouth-community RI-000020/000021. MIGRATION-NETWORK ANN-GURNEY INCREMENT (2026-07-10): reviewed again - no non-identity migration/corridor bearing to take. Jenner's Weymouth credit tie stays in g13-colonial-weymouth-community RI-000020/000021 (one home per conclusion); his own Essex (Fordham) origin and Coltishall-Norfolk end (Venn Alumni Cantab.) remain identity content requiring the still-unregistered Venn source. Stays backlog for the identity/origin pass."
sources/intake/dump-files/dump-2026-07-02-g13-colonial-round4-arch45-and-network.md,F-R4.6,"CREATIVE LEAD: the Brackett brothers (John Gurney tightest Braintree associates) were Sudbury, Suffolk men",topic,g13-origin-migration-network,,,,,,,"[G3 2026-07-10] RE-ROUTED off g13-colonial-braintree-community; stays backlog. The finding's distinctive content - the Brackett brothers' compiled English origin at St Gregory, Sudbury, Suffolk, and the reading that Sudbury was Brampton Gurdon's parliamentary borough (so John's closest colonial associates sat inside the Gurdon-Winthrop-Stour-valley patronage geography) - is origin/reception-network material, not Braintree-community content. Its home is g13-origin-migration-network (the reception-network-as-origin-lever unit), beside the Gurdon-Winthrop material already carried in g13-origin-wardship-network (RI-000080/RI-000083). It is a network suggestion at compiled level, NOT a documented tie to John, so it was not forced into the Braintree unit. The Braintree-community facts that ARE documented are already carried: John co-acting with Peter and Richard Brackett is in the standing finding RI-000016 and, newly, the 1646 meadows petition RI-000184 (F-R4.1) where John co-signs with both Bracketts; Peter Brackett solemnizing John's 1661 marriage is carried in g13-family-wives-marriages. Backlog at g13-origin-migration-network for a future revision (that unit is increment-complete); verification path = the St Gregory Sudbury baptism image + NEHGS Early New England Families Richard Brackett sketch."
sources/intake/dump-files/dump-2026-07-02-g13-colonial-round4-arch45-and-network.md,F-R4.7,L-170: Coldham Ancestry datasets Gurney-negative for emigrant window; Complete Book of Emigrants not on Ancestry,topic,g13-research-source-coverage,synthesized,no,G13-RI-000048;G13-RI-000049;G13-RI-000050;G13-RI-000053,ancestry-english-adventurers-emigrants-1609-1660;ancestry-emigrants-in-bondage-1614-1775;ancestry-child-apprentices-christs-hospital-1617-1778,append-status-note,L-170,"Assimilated 2026-07-05 into g13-research-source-coverage. Three Coldham/Ancestry emigrant-dataset negatives -> negative_result items RI-000048 (English Adventurers & Emigrants 1609-1660, dbid 49150; only 'Gurnard's Head' place hits), RI-000049 (Emigrants in Bondage 1614-1775, dbid 61074; earliest Gurney 1683, out of window), RI-000050 (Child Apprentices Christ's Hospital 1617-1778, dbid 49104; all 18th-c.), each SUPPORTS the coverage synthesis RI-000053. The three Ancestry datasets registered in data/sources.json (v1.8.0) + validation worksheets. Residual retained as backlog: Coldham's Complete Book of Emigrants 1607-1660 (not on Ancestry) + TNA E 157/20 (1635 port register) -> lead L-170 advanced (append-status-note). Registered source set complete."
sources/intake/dump-files/dump-2026-07-02-g13-colonial-round4-arch45-and-network.md,F-R4.8,Warford (Walford?) absent from Oxford; no standard Oxbridge M.A. fits - CCEd is the last index,topic,g13-origin-wardship-network,assimilated,yes,G13-RI-000085,foster-alumni-oxonienses-1500-1714,,,Assimilated 2026-07-06 into g13-origin-wardship-network open_question G13-RI-000085 (Foster Oxford negative for Warford). Registered new source foster-alumni-oxonienses-1500-1714; CCEd remains the open route.
sources/intake/dump-files/dump-2026-07-02-g13-colonial-round4-arch45-and-network.md,F-R4.9,Threnodia (1606) retrieved in full: EEBO scan; OCR salad; route to EEBO-TCP,source-artifact,sources corpus,,,,,,,Un-dispositioned backlog (file retained).
sources/intake/dump-files/dump-2026-07-02-g13-colonial-round4-arch45-and-network.md,F-R4.10,Alternative-web-index sweep: New England Hidden Histories + Digital Commonwealth negative/out-of-window,topic,g13-research-source-coverage,synthesized,no,G13-RI-000051;G13-RI-000052;G13-RI-000053,nehh-congregational-library-colonial-church-records;digital-commonwealth,,,"Assimilated 2026-07-05 into g13-research-source-coverage. Two digital church/aggregator index negatives -> negative_result items RI-000051 (New England's Hidden Histories, Congregational Library: no pre-1690 material for John's towns) and RI-000052 (Digital Commonwealth: zero 'Gurney Braintree'), each SUPPORTS the coverage synthesis RI-000053. Both sources registered in data/sources.json (v1.8.0) + validation worksheets. Backlog residual: the Massachusetts Archives Digital Repository (Preservica) not separately swept."
sources/intake/dump-files/dump-2026-07-02-g13-colonial-round4-arch45-and-network.md,F-R4.11,"W6 resolved: 1664 Braintree ""meadowes"" FTS items are James Penniman will (no Gurney); + ""John Braintree of Wymondham"" curio",topic,g13-colonial-record-coverage,assimilated,no,G13-RI-000182,familysearch-fulltext-search,,,"[G3 2026-07-10] Folded into the FamilySearch sweep negative RI-000182: the residual +Braintree +meadowes arks resolve to the 1664 James Penniman will and the 1689/90 Richard Brackett will, neither a Gurney; the Wymondham John Braintree is a false-friend surname, logged so no future sweep chases it."
sources/intake/dump-files/dump-2026-07-02-g13-colonial-round4-arch45-and-network.md,9.1,Where the identity question actually stands (analysis),topic,g13-identity-assessment,assimilated,,G13-RI-000174;G13-RI-000175;G13-RI-000177;G13-RI-000178,,,,"ASSIMILATED (2026-07-10) into g13-identity-assessment. The brief's three reasons for holding Candidate B in the upper half of its band, and its five reasons for not going above ~70%, are carried as analysis RI-000177 (every rival actively disproved; one adult Gurney household in Massachusetts before 1660; the hypothesis predicts its own thin record), open_question RI-000175 (the strongest network evidence attaches to the senior branch, not to John), analysis RI-000174 (the unknown-corridor residual), and analysis RI-000178 (what would move the number). The Entry E date slop and the unplaced wife Mary are already carried in g13-identity-candidate-b (RI-000158, RI-000159) and g13-family-wives-marriages (RI-000063, RI-000064)."
sources/intake/dump-files/dump-2026-07-02-g13-colonial-round4-arch45-and-network.md,9.2,What would actually move the number (ranked by unlock-per-effort),topic,g13-research-open-questions,synthesized,,G13-RI-000057,,,,"Synthesized into g13-research-open-questions analysis RI-000057 + the grouped WIP-leads table: the ranked next-work priorities are the operational pulls maintained in the canonical leads catalogue; the highest-leverage strands (origin-corridor pulls, the Y-DNA discriminator) map to open_questions RI-000054/000056. No new sources; empty set."
sources/intake/dump-files/dump-2026-07-02-g13-colonial-round4-arch45-and-network.md,9.3,Speculations and loose threads on the record,topic,g13-research-open-questions,,,,,,,"PARTIAL / backlog. The Mary-church-membership and Quinapaug loose threads bear on g13-research-open-questions (RI-000055) and the colonial record topics; the false-friend table routes to the method/false-friends topic, the Henry-Adams co-petitioner note is already carried in g13-colonial-braintree-community, and the apprentice-John thread routes to identity. Preserved as speculation; not false-closed."
sources/intake/dump-files/dump-2026-07-02-g13-colonial-round4-arch45-and-network.md,9.4,Candid bottom line (analysis),topic,g13-identity-assessment,assimilated,,G13-RI-000177;G13-RI-000178,,,,"ASSIMILATED (2026-07-10) into g13-identity-assessment as analysis RI-000178: the two realistic end-states (a Rivett-orbit marriage record or a 1650s Norfolk kin-mention lifts the identification to ~85-90%; otherwise it plateaus at ~65-70% as a permanently caveated best identification), and the judgement that the second is roughly twice as likely. The colonial record's exhaustion at the printed and indexed level is the record-coverage finding RI-000038 and the source-coverage synthesis RI-000053, cross-referenced not restated."
sources/intake/dump-files/dump-2026-07-03-round5-G-14-to-G-37.md,2.1,"Henry Gurney, householder, St Dunstan in the West, London, 1638",other-subject,G14-G37 people/place files,,,,,,,Un-dispositioned. Round 5 is primarily G14-G37 (section 8); route each to its own subject. Flag only any G13 bearing.
sources/intake/dump-files/dump-2026-07-03-round5-G-14-to-G-37.md,2.2,"L-179: ""Henry Gurney""/""Henry Gurnay"" NOT in Cecil Papers or State Papers on BHO (neg->pivot)",other-subject,G14-G37 people/place files,,,,,,,Un-dispositioned. Round 5 is primarily G14-G37 (section 8); route each to its own subject. Flag only any G13 bearing.
sources/intake/dump-files/dump-2026-07-03-round5-G-14-to-G-37.md,2.3,G23 Edmund Gournay - Kings Lynn Chamberlains accounts (HMC 11th Report),other-subject,G14-G37 people/place files,,,,,,,Un-dispositioned. Round 5 is primarily G14-G37 (section 8); route each to its own subject. Flag only any G13 bearing.
sources/intake/dump-files/dump-2026-07-03-round5-G-14-to-G-37.md,2.4,More BHO Close Rolls Gurnay dates (gold-paywalled; sweep PD printed calendars),other-subject,G14-G37 people/place files,,,,,,,Un-dispositioned. Round 5 is primarily G14-G37 (section 8); route each to its own subject. Flag only any G13 bearing.
sources/intake/dump-files/dump-2026-07-03-round5-G-14-to-G-37.md,2.5,"L-175 - Townshend trust network + ""William Gurnay the younger"" (CIPM Henry VII)",other-subject,G14-G37 people/place files,,,,,,,Un-dispositioned. Round 5 is primarily G14-G37 (section 8); route each to its own subject. Flag only any G13 bearing.
sources/intake/dump-files/dump-2026-07-03-round5-G-14-to-G-37.md,2.6,G17 Anthony Gurnay - 1532 Larling settlement (Blomefield vol 1),other-subject,G14-G37 people/place files,,,,,,,Un-dispositioned. Round 5 is primarily G14-G37 (section 8); route each to its own subject. Flag only any G13 bearing.
sources/intake/dump-files/dump-2026-07-03-round5-G-14-to-G-37.md,2.7,"Cadet-branch signal - William Gurney, gent., of Cawston, d. 10 Mar 1578 (monument)",other-subject,G14-G37 people/place files,,,,,,,Un-dispositioned. Round 5 is primarily G14-G37 (section 8); route each to its own subject. Flag only any G13 bearing.
sources/intake/dump-files/dump-2026-07-03-round5-G-14-to-G-37.md,2.8,Ancient Deeds - full Gurnay index across A/B/C/D series,other-subject,G14-G37 people/place files,,,,,,,Un-dispositioned. Round 5 is primarily G14-G37 (section 8); route each to its own subject. Flag only any G13 bearing.
sources/intake/dump-files/dump-2026-07-03-round5-G-14-to-G-37.md,2.9,Saved BHO page files (this cluster),other-subject,G14-G37 people/place files,,,,,,,Un-dispositioned. Round 5 is primarily G14-G37 (section 8); route each to its own subject. Flag only any G13 bearing.
sources/intake/dump-files/dump-2026-07-03-round5-G-14-to-G-37.md,2.x,NEG ledger for this cluster,other-subject,G14-G37 people/place files,,,,,,,Un-dispositioned. Round 5 is primarily G14-G37 (section 8); route each to its own subject. Flag only any G13 bearing.
sources/intake/dump-files/dump-2026-07-03-round5-G-14-to-G-37.md,3.1,"MAJOR: Swathings held BY John de Gurnay OF Bardolf ""as parcel of the barony of Gurnay"" (CIPM vol 7)",other-subject,G14-G37 people/place files,,,,,,,Un-dispositioned. Round 5 is primarily G14-G37 (section 8); route each to its own subject. Flag only any G13 bearing.
sources/intake/dump-files/dump-2026-07-03-round5-G-14-to-G-37.md,3.2,Ancient Deeds A.2972 - Hugh de Gurnay of Letton grant to Lewes priory,other-subject,G14-G37 people/place files,,,,,,,Un-dispositioned. Round 5 is primarily G14-G37 (section 8); route each to its own subject. Flag only any G13 bearing.
sources/intake/dump-files/dump-2026-07-03-round5-G-14-to-G-37.md,3.3,Edmund Gurney the divine - 1607-8 Corpus Christi fellowship-crisis dossier,other-subject,G14-G37 people/place files,,,,,,,Un-dispositioned. Round 5 is primarily G14-G37 (section 8); route each to its own subject. Flag only any G13 bearing.
sources/intake/dump-files/dump-2026-07-03-round5-G-14-to-G-37.md,3.4,G23 Edmund Gournay - three NEW feoffee/legatee acts (L-174 closed),other-subject,G14-G37 people/place files,,,,,,,Un-dispositioned. Round 5 is primarily G14-G37 (section 8); route each to its own subject. Flag only any G13 bearing.
sources/intake/dump-files/dump-2026-07-03-round5-G-14-to-G-37.md,3.5,1401 Holm Hale court - John Gurnay feoffee,other-subject,G14-G37 people/place files,,,,,,,Un-dispositioned. Round 5 is primarily G14-G37 (section 8); route each to its own subject. Flag only any G13 bearing.
sources/intake/dump-files/dump-2026-07-03-round5-G-14-to-G-37.md,3.6,New named Gurneys for the Tudor/Stuart family map,other-subject,G14-G37 people/place files,,,,,,,Un-dispositioned. Round 5 is primarily G14-G37 (section 8); route each to its own subject. Flag only any G13 bearing.
sources/intake/dump-files/dump-2026-07-03-round5-G-14-to-G-37.md,3.7,"Checked collateral - identity confirmed, NOT our line",other-subject,G14-G37 people/place files,,,,,,,Un-dispositioned. Round 5 is primarily G14-G37 (section 8); route each to its own subject. Flag only any G13 bearing.
sources/intake/dump-files/dump-2026-07-03-round5-G-14-to-G-37.md,3.8,Farrer HKF v3 - full-volume capture + new content,other-subject,G14-G37 people/place files,,,,,,,Un-dispositioned. Round 5 is primarily G14-G37 (section 8); route each to its own subject. Flag only any G13 bearing.
sources/intake/dump-files/dump-2026-07-03-round5-G-14-to-G-37.md,3.9,NEG this batch,other-subject,G14-G37 people/place files,,,,,,,Un-dispositioned. Round 5 is primarily G14-G37 (section 8); route each to its own subject. Flag only any G13 bearing.
sources/intake/dump-files/dump-2026-07-03-round5-G-14-to-G-37.md,4.1,MAJOR: Paston Letters 1472/3 Saxthorpe confrontation - William Gurney (G19) vs John Paston III,other-subject,G14-G37 people/place files,,,,,,,Un-dispositioned. Round 5 is primarily G14-G37 (section 8); route each to its own subject. Flag only any G13 bearing.
sources/intake/dump-files/dump-2026-07-03-round5-G-14-to-G-37.md,4.2,"""Thomas Gornay... clerk convicte"" (c. Jan 1461?) - needs identification",other-subject,G14-G37 people/place files,,,,,,,Un-dispositioned. Round 5 is primarily G14-G37 (section 8); route each to its own subject. Flag only any G13 bearing.
sources/intake/dump-files/dump-2026-07-03-round5-G-14-to-G-37.md,4.3,Paston Letters: the smaller Gurney items,other-subject,G14-G37 people/place files,,,,,,,Un-dispositioned. Round 5 is primarily G14-G37 (section 8); route each to its own subject. Flag only any G13 bearing.
sources/intake/dump-files/dump-2026-07-03-round5-G-14-to-G-37.md,4.4,Printed CCR Edw III vols 12-14 - Edmund Gournay crown-commission + minor Gurnays,other-subject,G14-G37 people/place files,,,,,,,Un-dispositioned. Round 5 is primarily G14-G37 (section 8); route each to its own subject. Flag only any G13 bearing.
sources/intake/dump-files/dump-2026-07-03-round5-G-14-to-G-37.md,4.5,CIPM vol 5 (Edw II) re-check (L-43) (neg->closure),other-subject,G14-G37 people/place files,,,,,,,Un-dispositioned. Round 5 is primarily G14-G37 (section 8); route each to its own subject. Flag only any G13 bearing.
sources/intake/dump-files/dump-2026-07-03-round5-G-14-to-G-37.md,4.6,Recueil des actes de Henri II - senior-line charters incl. two unpublished Hugh charters,other-subject,G14-G37 people/place files,,,,,,,Un-dispositioned. Round 5 is primarily G14-G37 (section 8); route each to its own subject. Flag only any G13 bearing.
sources/intake/dump-files/dump-2026-07-03-round5-G-14-to-G-37.md,4.7,Rigord / Guillaume le Breton - 1202 fall of Gournay + Philippide locators (L-54),other-subject,G14-G37 people/place files,,,,,,,Un-dispositioned. Round 5 is primarily G14-G37 (section 8); route each to its own subject. Flag only any G13 bearing.
sources/intake/dump-files/dump-2026-07-03-round5-G-14-to-G-37.md,4.8,Rotuli Hundredorum v1 (L-44): no djvu text; Hardingham warren-claim needs page image (NEG),other-subject,G14-G37 people/place files,,,,,,,Un-dispositioned. Round 5 is primarily G14-G37 (section 8); route each to its own subject. Flag only any G13 bearing.
sources/intake/dump-files/hobart-journal-pages-8-24-transcription.md,HOB-Result,Hobart journal pp.8-24 transcription - scoped result,source-artifact,sources corpus,,,,,,,Un-dispositioned backlog. Source/transcription artifact with scoped negative + false-positive findings (section 8); not companion prose.
sources/intake/dump-files/hobart-journal-pages-8-24-transcription.md,HOB-FP,Distant candidate / false-positive watch item,cross-cutting,false-friends registry,,,,,,,Un-dispositioned backlog (false-positive watch).
sources/intake/dump-files/hobart-journal-pages-8-24-transcription.md,HOB-Nearby,Other visually/phonetically nearby names encountered but not Gurney-like,source-artifact,sources corpus,,,,,,,Un-dispositioned backlog (negative context).
sources/intake/dump-files/dump-2026-07-01-g13-colonial-massbay-campaign.md,S0,"Scope map - what ""county"" means for these towns ([AG][DIRECTIVE] to place file)",place,research/places/weymouth-ma.md,routed,no,,,route-to-place-file,,"[AG][DIRECTIVE] section 0. Routed to research/places/weymouth-ma.md as a county/record-jurisdiction scope note (Suffolk 1643 = the county for John's towns 1643-63; 'Old Norfolk' 1643-79 false-friend; modern Norfolk 1793; Plymouth Colony boundary for Scituate; pre-1643 colony-level roll-up). Methods/place context, not a g13 topic finding; deliberately NOT duplicated in the Weymouth-community topic per directive."
