filename,source_pdf,pdf_page,printed_page_or_placement,caption,applicable_ancestors,applicable_places,scope_judgment,description,crop_note,width_px,height_px
part1_norman_origins/images/dg_part1_p001_frontispiece_title_scene.png,Daniel Gurney Complete in PDF first half.pdf,1,"Frontispiece / title plate, before Introduction",Frontispiece: The Record of the House of Gournay,Book-level artifact; early Gournay/Gurney line generally,Gournay visual tradition; St Hildevert / medieval-ecclesiastical setting implied,Context image - book/frontispiece,"The frontispiece frames the title within a medieval stone-arch setting, with armed and ecclesiastical figures and recumbent monumental forms. It is not tied to a single ancestor, but it visually announces Daniel Gurney's antiquarian framing of the family as a Norman, military, and ecclesiastical house. It can support future site imagery that introduces the whole Record rather than one specific generation.",Rendered at 300 dpi equivalent; grayscale PNG; light autocontrast.,2107,2318
part1_norman_origins/images/dg_part1_p007_part1_norman_warriors.png,Daniel Gurney Complete in PDF first half.pdf,7,Part I title page / unnumbered plate before printed p.3,Part I title vignette - Norman warriors / cavalry,Eudes of Gournay (working G37); early Norman Gournay line,Normandy; Neustria; Gournay-en-Bray / Pays de Bray,Direct-line origin context,"The Part I opening vignette accompanies Daniel's section on the Gournays in Normandy, from the settlement of the Normans in Neustria under Rollo to the loss of Normandy under King John. The surrounding introduction says tradition assigned Gournay and the Norman part of Le Bray to Eudes, a follower of Rollo, and that Hugh de Gournay and his son later accompanied William the Conqueror to England. The image is useful for future reconstruction of the early Norman-warrior setting.",Rendered at 300 dpi equivalent; grayscale PNG; light autocontrast.,1235,760
part1_norman_origins/images/dg_part1_p011_map_pays_de_bray.png,Daniel Gurney Complete in PDF first half.pdf,11,Map plate between printed pp.4-5,Map of the Pays de Bray,Eudes (working G37); Renaud (working G36); Hugh I-III de Gournay (working G35-G33); Gerard de Gournay (G32),Pays de Bray; Gournay; La Ferte; Gaillefontaine; Argueil; Epte valley,Direct ancestral-region map,"This map visualizes the Pays de Bray, the frontier territory Daniel identifies as the Norman base of the Lords of Gournay. Adjacent text describes the district as forest, bocage, pasture, arable land, and fortified frontier country bounded by the Pays de Caux, the Vexin, and France across the Epte. It is one of the most important locational images for the early direct line because it shows the territorial stage on which the family first appears.",Rendered at 300 dpi equivalent; grayscale PNG; light autocontrast.,3203,2815
part1_norman_origins/images/dg_part1_p016_west_end_st_hildevert.png,Daniel Gurney Complete in PDF first half.pdf,16,Printed p.8,West end of the Church of St. Hildevert,Early Lords of Gournay generally; Hugh de Gournay III (working G33) and earlier tradition,"Church of St. Hildevert, Gournay-en-Bray",Direct ancestral-place / religious-house context,"The adjacent text introduces St. Hildevert as the principal church at Gournay, both parochial and conventual. Daniel notes that the church foundation was traditionally very ancient and that the chapter was associated with Bref-Moutier before removal to Gournay. The west-end drawing is therefore central to the Gournay-en-Bray setting where the early lords exercised power and patronage.",Rendered at 300 dpi equivalent; grayscale PNG; light autocontrast.,1312,1700
part1_norman_origins/images/dg_part1_p017_south_side_st_hildevert.png,Daniel Gurney Complete in PDF first half.pdf,17,Printed p.9,South side of the Church of St. Hildevert,Early Lords of Gournay; Hugh de Gournay III (working G33) context,"Church of St. Hildevert, Gournay-en-Bray",Direct ancestral-place / religious-house context,"The surrounding narrative states that tradition credited one of the later Hugh de Gournays with beginning the present church, while Daniel cautions that the architecture itself suggests portions were older. The image shows the south side of the church and is directly relevant to the family's ecclesiastical patronage and the relic cult of St. Hildevert at Gournay.",Rendered at 300 dpi equivalent; grayscale PNG; light autocontrast.,1638,1419
part1_norman_origins/images/dg_part1_p018_st_hildevert_capital_details.png,Daniel Gurney Complete in PDF first half.pdf,18,Printed p.10,St. Hildevert architectural capital details,Early Lords of Gournay; Gournay-en-Bray line generally,"Church of St. Hildevert, Gournay-en-Bray",Direct ancestral-place architectural detail,"Daniel discusses the architecture of St. Hildevert and cautions that terms like ""rebuilt"" may mean repair rather than total reconstruction. The small drawings preserve architectural details from the church, supporting reconstruction of its Norman and early pointed features. These details are useful for image-generation prompts because they show stone-carving, capitals, and church ornament rather than only exterior massing.",Rendered at 300 dpi equivalent; grayscale PNG; light autocontrast.,1792,540
part1_norman_origins/images/dg_part1_p019_st_hildevert_statue.png,Daniel Gurney Complete in PDF first half.pdf,19,Plate between printed pp.10-12,Figure/statue of St. Hildevert,Early Lords of Gournay; Hugh de Gournay III (working G33) context,"Church of St. Hildevert, Gournay-en-Bray",Direct ancestral-place religious context,"This plate represents St. Hildevert, the saint whose relics were central to the Gournay church tradition. The adjacent account recounts the legend that the relics became immovable at Gournay and that the local lord Hugh and his wife were involved in the event, after which the church was re-consecrated under St. Hildevert's invocation. It is high-value narrative context for the family's religious identity at Gournay.",Rendered at 300 dpi equivalent; grayscale PNG; light autocontrast.,1066,1853
part1_norman_origins/images/dg_part1_p020_st_hildevert_interior.png,Daniel Gurney Complete in PDF first half.pdf,20,Printed p.12,Interior of the Church of St. Hildevert,Early Lords of Gournay; Hugh de Gournay III (working G33) context,"Church of St. Hildevert, Gournay-en-Bray",Direct ancestral-place interior,"The adjacent text describes the west front as early pointed architecture and notes alterations to portals, porches, windows, and towers. The interior view is useful for future reconstruction because it shows the spatial character of the church associated with Gournay lordship, relic translation, and monastic/collegiate worship.",Rendered at 300 dpi equivalent; grayscale PNG; light autocontrast.,1080,1300
part1_norman_origins/images/dg_part1_p020_st_hildevert_capital_left.png,Daniel Gurney Complete in PDF first half.pdf,20,Printed p.12,St. Hildevert capital detail - left,Early Lords of Gournay; Gournay-en-Bray line generally,"Church of St. Hildevert, Gournay-en-Bray",Direct ancestral-place architectural detail,Daniel emphasizes that St. Hildevert contains remarkable sculptured capitals. This detail crop preserves one of those architectural motifs and should be useful for image prompts involving the church interior or Norman/early Gothic stonework connected to the Gournay foundation tradition.,Rendered at 300 dpi equivalent; grayscale PNG; light autocontrast.,820,720
part1_norman_origins/images/dg_part1_p020_st_hildevert_capital_right.png,Daniel Gurney Complete in PDF first half.pdf,20,Printed p.12,St. Hildevert capital detail - right,Early Lords of Gournay; Gournay-en-Bray line generally,"Church of St. Hildevert, Gournay-en-Bray",Direct ancestral-place architectural detail,"This second capital detail belongs to the same St. Hildevert architectural discussion. The surrounding text explains that windows and towers were altered, while the interior retained older Norman elements. The carving details help ground future visuals in the actual antiquarian evidence Daniel reproduced.",Rendered at 300 dpi equivalent; grayscale PNG; light autocontrast.,615,620
part1_norman_origins/images/dg_part1_p021_st_hildevert_capitals_group.png,Daniel Gurney Complete in PDF first half.pdf,21,Printed p.13,Capitals and sculptural bands in St. Hildevert,Early Lords of Gournay; Gournay-en-Bray line generally,"Church of St. Hildevert, Gournay-en-Bray",Direct ancestral-place architectural detail,"Daniel quotes Dawson Turner/Cotman to say that St. Hildevert has an unusually remarkable set of capitals, including repeated projecting rims with undulating lines that may represent water. This grouped crop captures several such motifs. It is especially valuable for reconstruction work because the text supplies an interpretive motif - water-like undulating carving - that can guide later images.",Rendered at 300 dpi equivalent; grayscale PNG; light autocontrast.,1831,2100
part1_norman_origins/images/dg_part1_p023_church_notre_dame_gournay.png,Daniel Gurney Complete in PDF first half.pdf,23,Printed p.15,"Church of Notre Dame, Gournay",Early Lords of Gournay; Hugh de Gournay IV/V related elder line context,"Notre Dame, Gournay-en-Bray",Direct ancestral-town context,"The adjacent text says the church of Notre Dame at Gournay was destroyed in the French Revolution, was said to have been built by the ancient lords of the place, and contained a monument to one of them and his wife. Although the monument is attributed by local history to Hugh IV and Milisandra - the elder related line after the direct split - the church itself belongs to the ancestral townscape of Gournay.",Rendered at 300 dpi equivalent; grayscale PNG; light autocontrast.,1000,1055
part1_norman_origins/images/dg_part1_p027_norman_gournay_and_comparison_arms.png,Daniel Gurney Complete in PDF first half.pdf,27,Printed p.19,Arms of the Barons de Gournay and comparison shields,Norman Barons de Gournay; early direct Gournay line through Gerard (G32),Gournay-en-Bray; Normandy,Direct-line heraldic context,"Daniel states that the Histoire MS. de Gournay reports the Norman Barons de Gournay bore a plain sable shield, then compares other families that bore plain shields. The image is directly relevant to the earliest family heraldic tradition and should be kept even though Daniel also notes uncertainty around very early hereditary coats of arms.",Rendered at 300 dpi equivalent; grayscale PNG; light autocontrast.,1743,1220
part1_norman_origins/images/dg_part1_p028_arms_town_gournay.png,Daniel Gurney Complete in PDF first half.pdf,28,Printed p.20,Arms of the town of Gournay,Norman Barons de Gournay; related to Arthur of Brittany episode after conquest by Philip Augustus,Town of Gournay-en-Bray,Direct ancestral-town heraldic context,"Daniel explains that after Philip Augustus took Gournay, he conferred knighthood there upon Arthur, Duke of Brittany, and granted the town arms: sable, a knight fully armed on horseback, ermine, with a fleur-de-lis or in chief. The image is town heraldry rather than family arms, but it belongs to the Gournay civic identity created after the family lost Normandy.",Rendered at 300 dpi equivalent; grayscale PNG; light autocontrast.,988,1320
part1_norman_origins/images/dg_part1_p035_plan_gournay_fortress.png,Daniel Gurney Complete in PDF first half.pdf,35,Printed p.25,Plan of Gournay du temps de nos anciens contes,Eudes (working G37); early Lords of Gournay; Hugh traditional fortifier,Gournay fortress; Tour Hue; Chateau; Porte de Ferrieres; Epte marsh setting,Direct ancestral-fortress plan,"The surrounding text discusses the fortifications traditionally attributed to Hugh, son of Eudes, including a citadel near St. Hildevert, double or triple ditching, walls, and the Tour Hue. The plan shows the chateau, town gates, marsh/overflow defenses, and approaches. This is one of the strongest images for reconstructing Gournay as a frontier fortress rather than merely a town.",Rendered at 300 dpi equivalent; grayscale PNG; light autocontrast.,1507,1880
part1_norman_origins/images/dg_part1_p038_church_la_ferte.png,Daniel Gurney Complete in PDF first half.pdf,38,Printed p.28,Church of La Ferte,"Renaud (working G36); Gautier de La Ferte, related younger line; Hugh I (working G35)",La Ferte-en-Bray; Pays de Bray,Direct-family branch / ancestral-region context,"Daniel treats La Ferte as a younger-branch Gournay fief held by Gautier de La Ferte, son of Renaud and brother of Hugh I. The adjacent narrative says Gautier founded the priory at La Ferte between 989 and 996, making this a very early documentary anchor for the family. It is not the main direct line after Renaud, but it is very close to the direct family origin.",Rendered at 300 dpi equivalent; grayscale PNG; light autocontrast.,1598,1100
part1_norman_origins/images/dg_part1_p038_earthworks_castle_la_ferte.png,Daniel Gurney Complete in PDF first half.pdf,38,Printed p.28,Earthworks of the Castle of La Ferte,Renaud (working G36); Gautier de La Ferte branch; Hugh I (working G35),La Ferte-en-Bray; Pays de Bray,Direct-family branch / ancestral-region fortification,"The La Ferte earthworks are tied to the same early branch as the church image. Daniel explains that the lordship and priory at La Ferte belong to the early family structure, with a younger son receiving La Ferte, Gaillefontaine, and smaller estates while the elder held Gournay. This supports future visuals of the wider Gournay territorial network.",Rendered at 300 dpi equivalent; grayscale PNG; light autocontrast.,1143,796
part1_norman_origins/images/dg_part1_p039_gaillefontaine_church_and_chapel.png,Daniel Gurney Complete in PDF first half.pdf,39,Printed p.29,Church at Gaillefontaine and chapel of the Leproserie,Renaud (working G36); Gautier de La Ferte branch; early Gournay territorial network,Gaillefontaine; Pays de Bray,Direct-family branch / ancestral-region context,"Gaillefontaine appears in Daniel's description of the lands held by the La Ferte branch, a younger branch from the early Gournay house. The crop preserves ecclesiastical structures in that associated territory. It is useful as ancestral-region context, especially because La Ferte and Gaillefontaine were part of the early division of family power in the Pays de Bray.",Rendered at 300 dpi equivalent; grayscale PNG; light autocontrast.,1604,940
part1_norman_origins/images/dg_part1_p039_earthworks_castle_gaillefontaine.png,Daniel Gurney Complete in PDF first half.pdf,39,Printed p.29,Earthworks of the Castle of Gaillefontaine,Renaud (working G36); Gautier de La Ferte branch; early Gournay territorial network,Gaillefontaine; Pays de Bray,Direct-family branch / ancestral-region fortification,"The Gaillefontaine earthworks illustrate another fortified place in the early Gournay territorial network. Although held in a collateral younger branch, the site helps show the pattern of family fortifications and smaller fiefs around Gournay and La Ferte during the 10th and 11th centuries.",Rendered at 300 dpi equivalent; grayscale PNG; light autocontrast.,1110,758
part1_norman_origins/images/dg_part1_p063_abbey_of_bec.png,Daniel Gurney Complete in PDF first half.pdf,63,Full plate between printed pp.52-54,The Abbey of Bec,Hugh de Gournay III (working G33); Basilia Flaitel; Gerard de Gournay (G32),"Abbey of Bec, Normandy",Direct-line monastic and burial context,"The adjacent narrative says Hugh de Gournay III became a monk at Bec, Basilia retired there, and the pair were major benefactors. Daniel recounts St. Anselm's correspondence with Hugh and Basilia and states that Hugh and Basilia were buried at Bec. This image is high-priority for the direct line because it ties direct ancestors to monastic retirement, benefaction, correspondence, and burial.",Rendered at 300 dpi equivalent; grayscale PNG; light autocontrast.,3790,2952
part1_norman_origins/images/dg_part1_p085_warren_pedigree_context.png,Daniel Gurney Complete in PDF first half.pdf,85,"Appendix XIII, approx. printed p.73",House of Warren pedigree / arms context,"Editha de Warenne, wife of Gerard de Gournay (G32 spouse); Walter de Gournay (G31, son)",Warenne/Varenne; Normandy; England,Direct spouse-line / maternal-line context,"Gerard de Gournay married Editha/Ediva, daughter of William de Warenne and Gundred. Daniel uses the Warren appendix to explain this major alliance and the kinship context from which Walter de Gournay, the direct younger branch ancestor, descended. The plate is not a scene, but it is useful lineage context for the maternal side of Walter de Gournay.",Rendered at 300 dpi equivalent; grayscale PNG; light autocontrast.,1604,1954
part1_norman_origins/images/dg_part1_p269_gournay_from_ernemont.png,Daniel Gurney Complete in PDF first half.pdf,269,Printed p.255,Gournay from Ernemont,Early direct Gournay line generally; Eudes through Gerard de Gournay (working G37-G32),Gournay-en-Bray; Ernemont; Epte valley; Pays de Bray,Direct ancestral-town landscape,"In Appendix XLIV Daniel reports his 1845 visit to Gournay and describes the surrounding country as fertile, wooded, hilly, and picturesque, with the Epte valley, pasture, orchards, cider/perry country, and striking views from heights. He specifically calls the view of Gournay from the chateau of Ernemont beautiful. This image is therefore strong environmental evidence for the ancestral landscape.",Rendered at 300 dpi equivalent; grayscale PNG; light autocontrast.,2024,1340
part1_norman_origins/images/dg_part1_p274_chapel_leproserie_gournay.png,Daniel Gurney Complete in PDF first half.pdf,274,Printed p.260,Chapel of the Leproserie at Gournay,Early Lords of Gournay; Gournay charitable/religious institutions,Gournay-en-Bray; Leproserie chapel,Direct ancestral-town religious/charitable context,"Daniel states earlier that the ancient lords of Gournay instituted a leper house and a Hotel Dieu or hospital in the town. This crop shows the chapel of the leproserie. It is not tied to one named direct ancestor, but it belongs to the family-created or family-associated institutional landscape of Gournay.",Rendered at 300 dpi equivalent; grayscale PNG; light autocontrast.,1287,847
part1_norman_origins/images/dg_part1_p274_wooden_porch_dampierre.png,Daniel Gurney Complete in PDF first half.pdf,274,Printed p.260,Wooden porch at Dampierre,Early Lords of Gournay territorial context,Dampierre; Pays de Bray,Direct ancestral-region architectural context,Dampierre appears among the places illustrated in Daniel's Appendix XLIV tour of Gournay and the Pays de Bray. The wooden porch provides vernacular architectural context for the district around the ancestral town. It is useful for future image prompts involving the broader local environment rather than a named family event.,Rendered at 300 dpi equivalent; grayscale PNG; light autocontrast.,1303,1067
part1_norman_origins/images/dg_part1_p275_church_brefmontier.png,Daniel Gurney Complete in PDF first half.pdf,275,Printed p.261,Church at Bref-Moutier / Brefmontier,Hugh de Gournay III (working G33); early Lords of Gournay,Bref-Moutier / Brefmontier; Pays de Bray,Direct ancestral-region religious context,Daniel's earlier narrative says the chapter of St. Hildevert was traditionally first fixed in the neighboring village of Bref-Moutier and later removed to Gournay. He also describes Bref-Moutier as an ancient monastic site in the territory of Gournay. This image should be retained because it links the St. Hildevert story to a specific nearby place.,Rendered at 300 dpi equivalent; grayscale PNG; light autocontrast.,988,1360
part1_norman_origins/images/dg_part1_p275_font_brefmontier.png,Daniel Gurney Complete in PDF first half.pdf,275,Printed p.261,Font at Bref-Moutier / Brefmontier,Early Lords of Gournay; St. Hildevert/Bref-Moutier context,Bref-Moutier / Brefmontier; Pays de Bray,Direct ancestral-region church detail,"This font detail belongs with the church at Bref-Moutier, the place Daniel associates with the early chapter before its transfer to Gournay. The font is useful for future reconstruction because it gives a concrete liturgical artifact from the local ecclesiastical landscape.",Rendered at 300 dpi equivalent; grayscale PNG; light autocontrast.,1057,1098
part1_norman_origins/images/dg_part1_p276_west_end_boshyon.png,Daniel Gurney Complete in PDF first half.pdf,276,Printed p.262,West end of church and cross at Boshyon,Early Gournay territorial context,Boshyon / Boshion; Pays de Bray,Direct ancestral-region place context,Boshyon is one of the Pays de Bray sites illustrated in Daniel's tour appendix. The image gives church architecture and a cross in a village landscape within the family's original regional setting. It is most valuable as environmental/architectural context rather than as proof of a single ancestor's act.,Rendered at 300 dpi equivalent; grayscale PNG; light autocontrast.,1439,1980
part1_norman_origins/images/dg_part1_p277_east_end_boshyon.png,Daniel Gurney Complete in PDF first half.pdf,277,Printed p.263,East end of church at Boshyon,Early Gournay territorial context,Boshyon / Boshion; Pays de Bray,Direct ancestral-region place context,"This companion view of Boshyon records another side of the same local church. Together with the west-end and tower-arch views, it gives a fuller architectural setting for one of the Pays de Bray places Daniel thought worth illustrating after his 1845 visit.",Rendered at 300 dpi equivalent; grayscale PNG; light autocontrast.,1539,1252
part1_norman_origins/images/dg_part1_p278_boshyon_tower_arches.png,Daniel Gurney Complete in PDF first half.pdf,278,Printed p.264,"Side view from tower arches, Boshyon",Early Gournay territorial context,Boshyon / Boshion; Pays de Bray,Direct ancestral-region church detail,This view from the tower arches at Boshyon provides interior/structural architectural detail from the same Pays de Bray church sequence. It can support future reconstruction of the local church environment around Gournay-en-Bray.,Rendered at 300 dpi equivalent; grayscale PNG; light autocontrast.,1561,1723
part1_norman_origins/images/dg_part1_p279_st_peter_dampierre.png,Daniel Gurney Complete in PDF first half.pdf,279,Printed p.265,Church of St. Peter in Vinculis at Dampierre,Early Gournay territorial context,Dampierre; Pays de Bray,Direct ancestral-region church/place,"This church image belongs to the Appendix XLIV visual tour of Gournay and the Pays de Bray. It is a place-context image for the ancestral region. The title identifies the church as St. Peter in Vinculis at Dampierre, supplementing the nearby wooden porch and arch details.",Rendered at 300 dpi equivalent; grayscale PNG; light autocontrast.,1013,1200
part1_norman_origins/images/dg_part1_p279_dampierre_tower_arches.png,Daniel Gurney Complete in PDF first half.pdf,279,Printed p.265,"Arches under the tower, Dampierre",Early Gournay territorial context,Dampierre; Pays de Bray,Direct ancestral-region architectural detail,The tower-arch detail complements the exterior Dampierre church plate. It gives architectural evidence from a Pays de Bray site included in Daniel's 1845 tour appendix and is useful for future prompts involving local Norman/medieval church interiors.,Rendered at 300 dpi equivalent; grayscale PNG; light autocontrast.,1085,1122
part1_norman_origins/images/dg_part1_p283_mont_sauveur_argueil.png,Daniel Gurney Complete in PDF first half.pdf,283,Printed p.269,Mont Sauveur at Argueil,William de Gournay I / early younger branch context; Norman Gournay territorial division,Argueil; Mont Sauveur; Pays de Bray,Direct ancestral-region / younger-branch fief context,"Earlier Part II text says Argueil and Mont Sauveur were connected with the portion of the great fief of Bray severed for the younger branch, and that fragments of armour and utensils had been found on the castle site. Although this image appears in the Part I appendix, Argueil is relevant to the Norman fief context that proves the younger Norfolk branch's blood descent from the Barons of Gournay.",Rendered at 300 dpi equivalent; grayscale PNG; light autocontrast.,1708,1055
part1_norman_origins/images/dg_part1_p283_church_sigi.png,Daniel Gurney Complete in PDF first half.pdf,283,Printed p.269,Church at Sigi,Renaud (working G36); Hugh de La Ferte branch; early Gournay family context,Sigi / Sigy; Pays de Bray,Direct-family branch / ancestral-region religious context,"Sigi is tied to Hugh de La Ferte's foundation of a priory before 1035 and to the early La Ferte branch. Daniel reproduces charters for Sigi in Appendix II. The church image is therefore relevant as a place of early family religious patronage, though through a related branch rather than the later Norfolk direct line itself.",Rendered at 300 dpi equivalent; grayscale PNG; light autocontrast.,1696,1533
part1_norman_origins/images/dg_part1_p284_sigi_view.png,Daniel Gurney Complete in PDF first half.pdf,284,Printed p.270,Sigi,Renaud (working G36); Hugh de La Ferte branch; early Gournay family context,Sigi / Sigy; Pays de Bray,Direct-family branch / ancestral-region context,"This second Sigi image reinforces the setting of the priory founded by the La Ferte branch. The Sigi charters are among the earliest surviving or reported documents for the extended Gournay family, making the place useful for origin-period storytelling even if the specific branch is collateral.",Rendered at 300 dpi equivalent; grayscale PNG; light autocontrast.,1743,1080
part1_norman_origins/images/dg_part1_p284_castle_neufmarche.png,Daniel Gurney Complete in PDF first half.pdf,284,Printed p.270,Remains of castle at Neufmarche,Early Lords of Gournay; Pays de Bray frontier context,Neufmarche; Pays de Bray; Normandy frontier,Direct ancestral-region fortification context,"Neufmarche appears among the fortified sites around the Gournay frontier landscape. The remains-of-castle image helps reconstruct the military geography of the Pays de Bray and the neighboring Norman/French frontier, a recurring theme in Daniel's explanation of why Gournay mattered.",Rendered at 300 dpi equivalent; grayscale PNG; light autocontrast.,1824,1120
part1_norman_origins/images/dg_part1_p285_church_neufmarche.png,Daniel Gurney Complete in PDF first half.pdf,285,Printed p.271,Church at Neufmarche,Early Lords of Gournay; Pays de Bray frontier context,Neufmarche; Pays de Bray,Direct ancestral-region church/place,The church at Neufmarche complements the castle-remains image and gives an ecclesiastical counterpart to the frontier setting. It belongs to Daniel's Appendix XLIV place tour and is useful for reconstructing the religious and village landscape surrounding Gournay.,Rendered at 300 dpi equivalent; grayscale PNG; light autocontrast.,1864,1497
part1_norman_origins/images/dg_part1_p286_castle_gisors.png,Daniel Gurney Complete in PDF first half.pdf,286,Printed p.272,Castle of Gisors from the Prisoner's Tower,Early Lords of Gournay; Norman-French frontier context,Gisors; Normandy frontier,Regional frontier context,"Gisors was a major Norman-French frontier fortress, and Daniel includes it in the same Pays de Bray/Gournay regional appendix. It is somewhat broader than the direct Gournay holdings, but it helps explain the military frontier world in which the Lords of Gournay operated.",Rendered at 300 dpi equivalent; grayscale PNG; light autocontrast.,1218,896
part1_norman_origins/images/dg_part1_p286_interior_church_neufmarche.png,Daniel Gurney Complete in PDF first half.pdf,286,Printed p.272,"Interior of church, Neufmarche",Early Lords of Gournay; Pays de Bray frontier context,Neufmarche; Pays de Bray,Direct ancestral-region church detail,"This interior view belongs with the Neufmarche church exterior and the castle-remains plate. It is useful as interior architectural evidence from the same regional setting, especially for later image-generation work requiring medieval church ambience.",Rendered at 300 dpi equivalent; grayscale PNG; light autocontrast.,919,1016
,Daniel Gurney Complete in PDF first half.pdf,83,Printed p.71,Talbot and related arms,Richard Talbot / Talbot descendants of a Gournay marriage; not direct line,Beaubec; Wales/Talbot context,Catalog-only - collateral branch,The plate accompanies a discussion of Talbot branches after a Gournay/Talbot marriage. It is collateral to the direct line and was cataloged but not cropped.,Catalog-only; no crop under tightened direct-line selection policy.,,
,Daniel Gurney Complete in PDF first half.pdf,95,Printed p.83,Remains of Byland Abbey,"Gundred de Gournay, wife of Neil d'Albini; Mowbray/Byland context",Byland Abbey; Yorkshire,Catalog-only - collateral Gournay daughter line,Gundred is a related/collateral member of the family rather than the direct Norfolk line ancestor. The abbey is historically interesting but not cropped under the tightened selection policy.,Catalog-only; no crop under tightened direct-line selection policy.,,
,Daniel Gurney Complete in PDF first half.pdf,135,Printed p.123,Head of Robert le Bourguignon,Le Bourguignon family; indirect connection to Swathings and early Norfolk branch,Swathings; St. Sauveur; Pays de Bray,Catalog-only - feudal tenant / Swathings context,"The Bourguignon family is relevant to the Swathings transfer background but not itself direct-line Gournay ancestry. Cataloged for context, not cropped.",Catalog-only; no crop under tightened direct-line selection policy.,,
,Daniel Gurney Complete in PDF first half.pdf,141,Folded/landscape pedigree before Hugh V section,Pedigree of the Lords of Coucy,Coucy family; spouse family of Hugh IV elder related line,Coucy,Catalog-only - related elder-line spouse family,The Coucy pedigree supports the elder branch after the direct line diverges through Walter de Gournay. It is useful related context but was not cropped.,Catalog-only; no crop under tightened direct-line selection policy.,,
,Daniel Gurney Complete in PDF first half.pdf,143,Printed p.129,Hugh de Gournay V from his seal,Hugh de Gournay V; elder Norman baronial line after direct split,Acre; Gournay-en-Bray,Catalog-only - related elder line,"The seal is valuable but belongs to the elder line descending from Gerard's son Hugh IV, while the user's direct line continues through Walter. Cataloged but not cropped.",Catalog-only; no crop under tightened direct-line selection policy.,,
,Daniel Gurney Complete in PDF first half.pdf,191,Printed p.177,Dammartin / Count of Boulogne visual material,Julia de Dammartin and Dammartin family; spouse line of Hugh V,Dammartin; Boulogne,Catalog-only - related elder-line spouse family,Relevant to Hugh V's marriage but not direct to the Norfolk Gurney line. Cataloged but not cropped.,Catalog-only; no crop under tightened direct-line selection policy.,,
,Daniel Gurney Complete in PDF first half.pdf,193,Printed p.179,Dampmartin pedigree,Dammartin family,Dammartin; Boulogne,Catalog-only - related elder-line spouse family,Pedigree context for Hugh V's spouse family. Cataloged but not cropped under direct-line-focused rules.,Catalog-only; no crop under tightened direct-line selection policy.,,
,Daniel Gurney Complete in PDF first half.pdf,194,Printed p.180-182,Saint Thomas of Cantelupe and Hereford shrine,Cantelupe family; related kin network,Hereford Cathedral,Catalog-only - related spouse/kin context,"Ecclesiastical and kin-network context for later related families, but not the direct line. Cataloged only.",Catalog-only; no crop under tightened direct-line selection policy.,,
,Daniel Gurney Complete in PDF first half.pdf,202,Printed pp.188-191,"Langley Abbey, Castle of Wormegay, Bardolf monument",Julia de Gournay and Bardolf descendants; not direct Norfolk Gurney line,Langley Abbey; Wormegay; Shelford,Catalog-only - post-elder-line inheritance context,"These images relate to the descent of the elder barony after Hugh VI and Julia. They are related to the broader house but not the direct line through Walter, so they were cataloged only.",Catalog-only; no crop under tightened direct-line selection policy.,,
,Daniel Gurney Complete in PDF first half.pdf,287,Printed p.273 or adjacent,Unidentified final Appendix XLIV plate,Uncertain; likely Pays de Bray place context,Uncertain,Catalog-only - uncertain identification,The image is in Appendix XLIV but the caption was not reliably captured. It should be revisited if a cleaner scan or manual page review is available.,Catalog-only; no crop under tightened direct-line selection policy.,,
