sourceId,shortTitle,corpusStatus,corpusPath,mediaPath,validationPath
abington-vr-1850-vol1,"Abington Vital Records to 1850, vol. 1",partial,,,sources/validations/benjamin-gurney-harden-research-tables-2026-04.md
accessgenealogy-lysander-franklin-gurney,"AccessGenealogy, Lysander Franklin Gurney",none,,,sources/validations/accessgenealogy-lysander-franklin-gurney.md
acl-robert-gurney-will-1625,Archdeaconry Court of London - Robert Gurney will (1625),partial,sources/corpus_supplement/robert-gurney-1625-will-full-working-transcription.md,sources/media/acl-robert-gurney-will-1625,sources/validations/acl-robert-gurney-will-1625.md
actors-fund-of-america-history,Actors' Fund of America history (Wikipedia; NYU finding aid),none,,,
actors-order-of-friendship-history,Actors' Order of Friendship (Oxford Reference),none,,,
alumni-cantabrigienses-venn,Alumni Cantabrigienses (Venn) — ACAD database,none,,,sources/validations/alumni-cantabrigienses-venn.md
american-biography-cyclopedia-v26-gurney-1926,"American Biography, vol. 26 - Gurney",none,,,sources/validations/american-biography-cyclopedia-v26-gurney-1926.md
ancestry-norfolk-1535-1812,"Ancestry / NRO, Norfolk Church of England Baptism, Marriages and Burials, 1535-1812",,,,
anderson-gmd-2015,"Anderson, Great Migration Directory",partial,sources/corpus/The Great Migration Directory 2025 Page 158.txt,,sources/validations/anderson-gmd-2015.md
anderson-great-migration-begins-v1-baxter,"Anderson, Great Migration Begins vol. 1 - Gregory Baxter",partial,sources/corpus_supplement/anderson-great-migration-begins-v1-baxter-user-extract.md,,sources/validations/anderson-great-migration-begins-v1-baxter.md
anderson-new-englands-generation-1991,"Anderson, New England's Generation",none,,,
anderson-yvery-1742,"Anderson, Genealogical History of the House of Yvery",full,sources/corpus/agenealogical-history-gournay-extract.md,,
anderson-yvery-1742-vol-i,"Anderson, Genealogical History of the House of Yvery, Vol. I",partial,sources/corpus/anderson-yvery-1742-vol-i-extract.md,sources/media/anderson-yvery-1742-vol-i/,sources/validations/anderson-yvery-1742-vol-i.md
arber-stationers-bsoc-petition-1646-hunscott,"Hunscott - Humble Petition and Information, 1646 (Wing H3728)",partial,,,sources/validations/arber-stationers-bsoc-petition-1646-hunscott.md
arber-stationers-registers-1554-1640-deferred,Arber - Transcript of the Registers of the Stationers' Company 1554-1640 (deferred),deferred,,,sources/validations/arber-stationers-registers-1554-1640-deferred.md
archiuk-attleborough-nr17-domesday-search,ARCHI UK - NR17 local-history search,partial,sources/corpus_supplement/archiuk-attleborough-nr17-domesday-search.md,,sources/validations/archiuk-attleborough-nr17-domesday-search.md
armstrong-norfolk-1781,"Armstrong, History and Antiquities of the County of Norfolk (1781)",partial,sources/corpus_supplement/armstrong-norfolk-1781-selected-gurney-references.md,,sources/validations/armstrong-norfolk-1781.md
ballou-history-of-milford-1882,"Ballou, History of Milford (1882)",partial,sources/corpus_supplement/ballou-history-of-milford-1882-gurney-extracts.md,,sources/validations/ballou-history-of-milford-1882.md
banks-brownell-1937,"Banks/Brownell, Topographical Dictionary (1937)",none,,,sources/validations/banks-brownell-1937.md
bardsley-english-welsh-surnames-1901,"Bardsley, Dictionary of English & Welsh Surnames",none,,,
bartlett-bartletts-of-weymouth-1892,"Bartlett, The Bartletts of Weymouth (1892)",partial,sources/corpus_supplement/bartlett-bartletts-of-weymouth-1892-gurney-extract.md,,
bates-ancient-iron-works-braintree-1898,"Bates, Ancient Iron Works at Braintree",none,,,sources/validations/bates-ancient-iron-works-braintree-1898.md
bauduin-franchises-normandie-orientale-2001,"Bauduin, Trois cas de peuplement en franchises",none,,,
benjamin-gurney-harden-research-tables-2026-04,Benjamin Gurney / Harden research tables (2026-04),captured,sources/corpus_supplement/benjamin-gurney-harden-research-tables-2026-04.md,,sources/validations/benjamin-gurney-harden-research-tables-2026-04.md
bho-1640-principal-inhabitants-london-deferred,"Harvey - List of the Principal Inhabitants of the City of London, 1640 (deferred)",deferred,,,sources/validations/bho-1640-principal-inhabitants-london-deferred.md
bho-beaven-aldermen-richard-gourney-1589-1597,"BHO - Beaven aldermen, Richard Gourney",partial,sources/corpus_supplement/bho-beaven-aldermen-richard-gourney-1589-1597.md,,sources/validations/bho-beaven-aldermen-richard-gourney-1589-1597.md
bho-hmc-kings-lynn-misc-writings,BHO HMC - King's Lynn Miscellaneous Writings,partial,sources/corpus_supplement/bho-hmc-kings-lynn-francis-gurney-1622.md,,sources/validations/bho-hmc-kings-lynn-misc-writings.md
bho-ipm-edward-iii-file31-gournay-harpetree,BHO IPM Edward III File 31 - Thomas Gournay of Harpetree,partial,sources/corpus_supplement/bho-ipm-edward-iii-file31-gournay-harpetree.md,,sources/validations/bho-ipm-edward-iii-file31-gournay-harpetree.md
bho-ipm-edward-iii-file35-gournay-inglescombe,BHO IPM Edward III File 35 - Thomas Gournay of Inglescombe,partial,sources/corpus_supplement/bho-ipm-edward-iii-file35-gournay-inglescombe.md,,sources/validations/bho-ipm-edward-iii-file35-gournay-inglescombe.md
bho-ipm-edward-iii-vol12-sancto-omero-mulbarton-1366,"BHO Calendar of IPM, Edward III, vol. 12 — Thomas de Sancto Omero (1366)",none,,,
bho-ipm-henry-iv-vol19-gournay-johnv,"BHO IPM vol. 19 (Henry IV) - John Gournay (Sir John V), d.1408",none,,,sources/validations/bho-ipm-henry-iv-vol19-gournay-johnv.md
bho-ipm-henry-vii-townshend-gurnay-feoffee,BHO IPM Henry VII - William Gurnay feoffee of Sir Roger Townshend,partial,sources/corpus_supplement/bho-ipm-henry-vii-townshend-gurnay-feoffee.md,,
bho-ipm-vol16-index-gournay,BHO IPM vol. 16 Index - Gournay/Gurney,partial,sources/corpus_supplement/bho-ipm-vol16-index-gournay.md,,sources/validations/bho-ipm-vol16-index-gournay.md
bho-livery-haberdashers-gournay-charity,BHO - Haberdashers' Company Gournay's Charity,partial,sources/corpus_supplement/bho-haberdashers-gournays-charity.md,,sources/validations/bho-livery-haberdashers-gournay-charity.md
bho-london-hearth-tax-merry-2010,London Hearth Tax project database (Merry 2010),partial,sources/corpus_supplement/london-hearth-tax-1662-1666-gurney-cluster.md,sources/media/london-hearth-tax-merry-2010/London_Hearth_Tax_database.mdb,
bho-london-inhabitants-st-augustine-1638,"BHO - Inhabitants of London 1638, St Augustine",full,sources/corpus_supplement/bho-london-inhabitants-st-augustine-1638.md,,sources/validations/bho-london-inhabitants-st-augustine-1638.md
bho-port-trade-early-elizabethan-london-richard-gurney-1567-8,"BHO - London Port Book 1567-8, Richard Gurney",partial,sources/corpus_supplement/bho-port-trade-early-elizabethan-london-richard-gurney-1567-8.md,,sources/validations/bho-port-trade-early-elizabethan-london-richard-gurney-1567-8.md
bho-statutes-realm-1661-assessment,BHO Statutes - 1661 Assessment Act,partial,sources/corpus_supplement/bho-statutes-1661-francis-gurney.md,,sources/validations/bho-statutes-realm-1661-assessment.md
billerica-town-records-ms,Billerica town records (MS),extract,sources/corpus_supplement/billerica-town-records-gurney-1659-1660.md,,sources/validations/billerica-town-records-ms.md
blomefield-norfolk,"Blomefield, History of Norfolk",none,,,
blomefield-norfolk-vol5-pp33-cringleford-berford,"Blomefield, Norfolk vol. 5 (BHO) — Cringleford, Berford's Manor",partial,sources/corpus_supplement/blomefield-norfolk-vol5-pp33-cringleford-berford.md,,sources/validations/blomefield-norfolk-vol5-pp33-cringleford-berford.md
bodge-soldiers-king-philips-war-1891,"Bodge, Soldiers in King Philip's War (1891)",partial,sources/corpus_supplement/bodge-soldiers-king-philips-war-1891-gurney-extracts.md,sources/media/bodge-soldiers-king-philips-war-1891/,sources/validations/bodge-soldiers-king-philips-war-1891.md
bodleian-ms-tanner-175-marco,Bodleian MS Tanner 175 - MARCO,none,,,sources/validations/bodleian-ms-tanner-175-marco.md
braintree-records-1640-1793-1886,"Braintree town records, 1640-1793",none,,,sources/validations/braintree-records-1640-1793-1886.md
british-archivist-bernau-1913,"Bernau, British Archivist - Francis Gournay",full,sources/corpus_supplement/The_British_Archivist-Unrecorded-Biographies-Francis-Gurney.md,sources/media/The_British_Archivist.pdf,sources/validations/british-archivist-bernau-1913.md
brooke-catalogue-succession-1619,"Brooke, Catalogue and Succession (1619)",partial,sources/corpus_supplement/brooke-catalogue-succession-1619-selected-gurney-pages.md,sources/media/brooke-catalogue-succession-1619/,sources/validations/brooke-catalogue-succession-1619.md
brs-v21,BRS v21 (1642 Bucks tax),none,,,
burke-ancient-family,"Burke, The Ancient Family of Gurney",none,,,
burke-landed-gentry-gurney,Burke's Landed Gentry - Gurney of Maldon pedigree (tertiary),extract,sources/corpus_supplement/burke-landed-gentry-gurney-of-maldon.md,,
bury-st-james-registers,"Bury St Edmunds, St James registers",extract,sources/corpus_supplement/bury-st-edmunds-gurney-registers-1561-1800.md,,sources/validations/bury-st-james-registers.md
cal-cecil-papers-hatfield,"Calendar of Cecil Papers, Hatfield House",partial,sources/corpus_supplement/cecil-papers-vol18-edmund-gurnay-1606-cambridge.md,,
calder-new-haven-colony-1934,"Calder, New Haven Colony",none,,,
cambridge-core-camden-preface-addenda,Camden Old Series - Preface and Addenda,partial,sources/corpus_supplement/cambridge-core-camden-preface-addenda-gournay-bardolf.md,,sources/validations/cambridge-core-camden-preface-addenda.md
candidate-d-london-context-web-bundle,Candidate D London context web bundle,none,,,sources/validations/candidate-d-london-context-web-bundle.md
candidate-d-london-grine-grene-index-leads-bundle,Candidate D London Grine/Grene index-lead bundle,none,,,sources/validations/candidate-d-london-grine-grene-index-leads-bundle.md
cape-cod-canal-history,Cape Cod Canal history (Mass.gov; Wikipedia),none,,,
cfr-henry-iv-1405-13,"Calendar of Fine Rolls, Henry IV, 1405-13",none,,,
chronicon-beccensis,Chronicon Beccensis Abbatiæ,none,,,
cleveland-battle-abbey-roll-introduction,"Cleveland, Battle Abbey Roll introduction",partial,sources/corpus_supplement/cleveland-battle-abbey-roll-introduction-gurnay.md,,sources/validations/cleveland-battle-abbey-roll-introduction.md
cleveland-battle-abbey-roll-v1-crossrefs,"Cleveland, Battle Abbey Roll vol. 1 crossrefs",partial,sources/corpus_supplement/cleveland-battle-abbey-roll-v1-gurnay-crossrefs.md,,sources/validations/cleveland-battle-abbey-roll-v1-crossrefs.md
cleveland-battle-abbey-roll-v2-gurnay,"Cleveland, Battle Abbey Roll - Gurnay",partial,sources/corpus_supplement/cleveland-battle-abbey-roll-v2-gurnay.md,sources/media/cleveland-battle-abbey-roll-v2-gurnay/The_Battle_Abbey_Roll.pdf,sources/validations/cleveland-battle-abbey-roll-v2-gurnay.md
cleveland-battle-abbey-roll-v3-crossrefs,"Cleveland, Battle Abbey Roll vol. 3 crossrefs",partial,sources/corpus_supplement/cleveland-battle-abbey-roll-v3-gurnay-crossrefs.md,,sources/validations/cleveland-battle-abbey-roll-v3-crossrefs.md
comerford-dam-history,Frank D. Comerford Dam history (Wikipedia; North Star Monthly),none,,,
commissary-court-london-testamentary-index-marc-fitch,commissary-court-london-testamentary-index-marc-fitch,extract,sources/corpus_supplement/commissary-court-london-gurney-testamentary-index-1626-1700.md,sources/media/commissary-court-london-testamentary-index-marc-fitch/,sources/validations/commissary-court-london-testamentary-index-marc-fitch.md
complete-history-england-1706-v1,"A Complete History of England, vol. 1 (1706)",supplement,sources/corpus_supplement/complete-history-england-1706-v1-gurney-extracts.md,,sources/validations/complete-history-england-1706-v1.md
cpr-henry-iv-1399-1401,"Calendar of Patent Rolls, Henry IV, 1399-1401",none,,,
cpr-henry-vi-1422-29,"Calendar of Patent Rolls, Henry VI, 1422-29",none,,,
cummington-vital-records,"Cummington, Massachusetts, town vital records (births)",partial,sources/corpus_supplement/cummington-vital-records-gurney-births.md,sources/media/cummington-vital-records/,sources/validations/cummington-vital-records.md
daniel-history-england-1613-pt1,"Daniel, First Part of the Historie of England (1613)",supplement,sources/corpus_supplement/daniel-history-england-1613-pt1-gurney-extract.md,,sources/validations/daniel-history-england-1613-pt1.md
dashwood-visitation-norfolk-1563-vol1-1878,"Dashwood, Visitation of Norfolk 1563, vol. 1 (1878)",partial,sources/corpus_supplement/dashwood-visitation-norfolk-1563-vol1-1878-kervile-p58.md,sources/media/dashwood-visitation-norfolk-1563-vol1-1878/,sources/validations/dashwood-visitation-norfolk-1563-vol1-1878.md
davis-abel-lunt-1963,"Davis, Ancestry of Abel Lunt",none,,,
decorde-essai-canton-gournay-1861,"Decorde, Essai historique et archeologique sur le Canton de Gournay (1861)",full,sources/corpus_supplement/essai-historique-archeologique-canton-de-gournay-decorde-1861.txt,,sources/validations/decorde-essai-canton-gournay-1861.md
delisle-critique-of-dg,Léopold Delisle's critique of Daniel Gurney,minimal,,,
deville-cartulaire-sainte-trinite-rouen,"Deville, Cartulaire de la Sainte-Trinite du Mont de Rouen (1840)",none,,,sources/validations/deville-cartulaire-sainte-trinite-rouen.md
dg-rec-pt1,"DG Record, Part I",full,sources/corpus/daniel-gurney-part-1.md,,
dg-rec-pt2,"DG Record, Part II",full,sources/corpus/daniel-gurney-part-2.md,,
dg-rec-pt3,"DG Record, Part III",full,sources/corpus/daniel-gurney-part-3.md,,
dg-rec-pt4,"DG Record, Part IV",full,sources/corpus/daniel-gurney-part-4.md,,
dg-rec-supp,"DG Record, Supplement (1858)",full,sources/corpus/daniel-gurney-supplement.md,,
dg-rye-appendix,DG Rye Appendix,partial,sources/corpus_supplement/gascon-rolls-gournay-calendar.md,,
dhi-crusaders-leeds,"DHI -- Database of Crusaders to the Holy Land, 1095-1149",external,,,
dicamillo-gurneys-manor,DiCamillo — Gurney's Manor,partial,sources/corpus_supplement/dicamillo-gurneys-manor.md,,sources/validations/dicamillo-gurneys-manor.md
dnb-bocking,DNB - Bocking (Nicholas Bocking / Fastolf service note),none,,,sources/validations/dnb-bocking.md
dnb-edmund-gurney-1890,DNB - Edmund Gurney (d.1648),full,sources/corpus_supplement/dnb-edmund-gurney-1890.md,,sources/validations/dnb-edmund-gurney-1890.md
domesday-1086,Domesday Book (1086),none,,,
dudo-historia,"Dudo of Saint-Quentin, Historia Normannorum",none,,,
dumoulin-histoire-generale-normandie-1631,"Gabriel Dumoulin, Histoire générale de Normandie (1631)",partial,,,
eaa-occasional-paper-2-ellingham-kiln-1997,EAA Occasional Paper 2 - Ellingham Kiln,partial,sources/corpus_supplement/eaa-occasional-paper-2-ellingham-kiln-1997.md,,sources/validations/eaa-occasional-paper-2-ellingham-kiln-1997.md
early-yorkshire-charters-vol-8-clay-1949,"Early Yorkshire Charters, vol. 8: The Honour of Warenne (Clay 1949)",external,,,
ecipm-mapping-medieval-countryside,E-CIPM / Mapping the Medieval Countryside (digital Calendar of Inquisitions Post Mortem),partial,sources/corpus_supplement/ecipm-gournay-mentions-index-of-persons.md,,
edmund-divine-pcc-probate-negative,Edmund Gurney (Divine) probate search — negative,extract,sources/corpus_supplement/edmund-gurney-divine-pcc-probate-negative.md,,sources/validations/edmund-divine-pcc-probate-negative.md
elizabeth-stettler-walker-gurney-obituary,Elizabeth Stettler Walker Gurney Obituary (2013),none,,,
english-heritage-baconsthorpe-castle-history,English Heritage - Baconsthorpe Castle history,partial,sources/corpus_supplement/english-heritage-baconsthorpe-castle-history.md,,sources/validations/english-heritage-baconsthorpe-castle-history.md
english-heritage-baconsthorpe-castle-wool-factory,English Heritage - Baconsthorpe Tudor wool factory,partial,sources/corpus_supplement/english-heritage-baconsthorpe-castle-wool-factory.md,,sources/validations/english-heritage-baconsthorpe-castle-wool-factory.md
explore-west-norfolk-harpley-st-lawrence,"Explore West Norfolk - St Lawrence, Harpley",partial,sources/corpus_supplement/explore-west-norfolk-harpley-st-lawrence.md,,sources/validations/explore-west-norfolk-harpley-st-lawrence.md
faden-map-norfolk-1797-hardingham,Faden map of Norfolk - Hardingham extract,none,,sources/media/Hardingham c1790 Faden Map.png,sources/validations/faden-map-norfolk-1797-hardingham.md
fairhaven-lester-obituary,"Lester Hayes Gurney Obituary (FairHaven, 2025)",none,,,
familysearch-fulltext-search,FamilySearch Full-Text Search (AI-transcribed images),none,,,sources/validations/familysearch-fulltext-search.md
farrer-church-heraldry-norfolk,"Farrer, Church Heraldry of Norfolk",none,,,sources/validations/farrer-church-heraldry-norfolk.md
farrer-honors-knights-fees-v3-gurnay-extracts,"Farrer, Honors and Knights' Fees, vol. 3 - Gurnay extracts",partial,sources/corpus_supplement/farrer-honors-knights-fees-v3-gurnay-extracts.txt,sources/media/mdp-39015032992151-158-312-314-333-406-407-436-439-1777765448.pdf,sources/validations/farrer-honors-knights-fees-v3-gurnay-extracts.md
fauroux-recueil,"Fauroux, Recueil des actes des ducs de Normandie",none,,,
feltwell-net-mundefords-of-feltwell,feltwell.net -- The Mundefords of Feltwell,none,,,
ferrieres-en-bray-official-history,Ferrieres-en-Bray official history,none,,,
findagrave-john-gurney-252975617,"Find a Grave memorial 252975617 - John Gurney, Braintree, MA",none,,,sources/validations/findagrave-john-gurney-252975617.md
findmypast-ackworth-gurnoe-baptism-1637-john-thomas,"Findmypast England Births & Baptisms 1538-1975 - John Thomas Gurnoe, Ackworth, 1637",transcript,,,sources/validations/findmypast-ackworth-gurnoe-burton-marriage-1636.md
findmypast-ackworth-gurnoe-burton-marriage-1636,"Findmypast England Marriages 1538-1973 - John Gurnoe + Mary Burton, Ackworth, 1636",transcript,,,sources/validations/findmypast-ackworth-gurnoe-burton-marriage-1636.md
findmypast-boyds-inhabitants-london-candidate-d-gurney-cards,Findmypast Boyd's Inhabitants - Candidate D Gurney cards,partial,sources/corpus_supplement/boyds-inhabitants-london-candidate-d-gurney-cards.md,sources/media/findmypast-boyds-inhabitants-london-candidate-d-gurney-cards,sources/validations/findmypast-boyds-inhabitants-london-candidate-d-gurney-cards.md
findmypast-bucks-baptism-index,Findmypast Buckinghamshire Baptism Index,none,,,sources/validations/findmypast-bucks-baptism-index.md
findmypast-bucks-burial-index,Findmypast Buckinghamshire Burial Index,none,,,sources/validations/findmypast-bucks-burial-index.md
findmypast-bucks-marriage-index,Findmypast Buckinghamshire Marriage Index,none,,,sources/validations/findmypast-bucks-marriage-index.md
findmypast-bury-st-edmunds-st-mary-gurney-burials-1653-1656,Findmypast National Burial Index - Bury St Edmunds St Mary Gurney burials 1653-1656,transcript,,,sources/validations/findmypast-bury-st-edmunds-st-mary-gurney-burials-1653-1656.md
findmypast-england-marriages-gurney-mary-wildcard-sweep-2026-06,"Findmypast England Marriages 1538-1973 - G*rn* + Mary wildcard sweep, June 2026",none,,,sources/validations/findmypast-england-marriages-gurney-mary-wildcard-sweep-2026-06.md
findmypast-hertfordshire-baptisms,Findmypast Hertfordshire Baptisms,none,,,sources/validations/findmypast-hertfordshire-baptisms.md
findmypast-hertfordshire-burials,Findmypast Hertfordshire Burials,none,,,sources/validations/findmypast-hertfordshire-burials.md
findmypast-john-gurney-2026may-supplementary-same-name-sweep,"Findmypast John Gurney same-name sweep, 12 May 2026 raw batch",transcript,,sources/intake/john-gurney-2026May/,sources/validations/findmypast-john-gurney-2026may-supplementary-same-name-sweep.md
findmypast-norfolk-banns-marriages-index,FindMyPast Norfolk Banns and Marriages index,extract,sources/corpus_supplement/rivett-garveston-maternal-family-2026-06.md,,sources/validations/findmypast-norfolk-banns-marriages-index.md
findmypast-norfolk-baptisms-index,FindMyPast Norfolk Baptisms index,extract,sources/corpus_supplement/rivett-garveston-maternal-family-2026-06.md,,sources/validations/findmypast-norfolk-baptisms-index.md
findmypast-norfolk-burials-index,Findmypast Norfolk Burials index,transcript,,,sources/validations/findmypast-norfolk-burials-index.md
findmypast-uk-parish-baptisms,Findmypast UK Parish Baptisms,none,,,sources/validations/findmypast-uk-parish-baptisms.md
fischer-albions-seed-1989,"Fischer, Albion's Seed",none,,,
fmg-medlands-normacre,FMG MedLands -- Normandy (Cawley),external,,,
folger-corpus-christi-1619,Corpus Christi (1619) - Internet Archive / Folger,none,,,
folger-demonstration-antichrist-1631,Demonstration of Antichrist (1631) - Internet Archive / Folger,none,,,
folger-romish-chaine-1624,The Romish chaine (1624) - Internet Archive / Folger,none,,,
folger-second-commandment-1639,Toward the Vindication of the Second Commandment (1639/1661) - Internet Archive / Folger,none,,,
foster-streeter-cummington,"Foster & Streeter, Only One Cummington (1974)",none,,,
freebmd-freereg,FreeREG / FreeBMD,none,,,
fs-england-births-christenings,FamilySearch England Births and Christenings,none,,,sources/validations/fs-england-births-christenings.md
fs-england-buckinghamshire-church-records-1217-1994,"FamilySearch England, Buckinghamshire, Church Records, 1217-1994",none,,,
fs-england-deaths-burials-1538-1991,"FamilySearch England Deaths and Burials, 1538-1991",none,,,
fs-england-marriages-1538-1973,"FamilySearch England Marriages, 1538-1973",none,,,
fs-england-norfolk-parish-registers-1510-1997,"FamilySearch England, Norfolk, Parish Registers (County Record Office), 1510-1997",none,,,
fs-jw7y-c3b-john-gurney-baptism-st-ann-blackfriars,"FS index JW7Y-C3B — John Gurney baptism, St Ann Blackfriars, 1615, father Wm.",transcript,,,
fs-suffolk-probate-1636-1915,FamilySearch Suffolk County probate records,none,,,sources/validations/fs-suffolk-probate-1636-1915.md
fs-vnn2-4vc-marye-gurney-baptism-east-dereham,"FS index VNN2-4VC — Marye Gurney baptism 25 May 1618, East Dereham, father Francis",transcript,,sources/media/Parish_Register_East_Dereham/page_00732_line_margaret_ffrancis_gurnoe_sweep.png,sources/validations/fs-east-dereham-francis-gurney-indexed-children.md
fs-vnn2-h8s-francis-gurney-burial-east-dereham-1633,"FS index VNN2-H8S — Francis Gurney burial 8 November 1633, East Dereham",transcript,,,sources/validations/fs-east-dereham-francis-gurney-indexed-children.md
fs-vnn2-scf-edward-gurney-baptism-east-dereham,"FS index VNN2-SCF — Edward Gurney baptism, East Dereham, father Francis",transcript,,,sources/validations/fs-east-dereham-francis-gurney-indexed-children.md
fs-vnn2-wr2-marye-gurney-burial-east-dereham,"FS index VNN2-WR2 — Marye Gurney burial, East Dereham, father Francis",transcript,,sources/media/Parish_Register_East_Dereham/page_00725_line_marye_ffrancis_gurny_sweep.png,sources/validations/fs-east-dereham-francis-gurney-indexed-children.md
fs-vnn2-wrg-agnes-gurney-burial-east-dereham,"FS index VNN2-WRG — Agnes (FS-indexed 'Susan') Gurney burial, East Dereham, father Francis",transcript,,sources/media/Parish_Register_East_Dereham/page_00725_line_agnes_ffrancis_gurny_sweep.png,sources/validations/fs-east-dereham-francis-gurney-indexed-children.md
ftdna-gurney-ydna,FTDNA Gurney Y-DNA project + Discover (public),extract,sources/corpus_supplement/ftdna-gurney-ydna-braintree-line-2026.md,,sources/validations/ftdna-gurney-ydna.md
gaillefontaine-official-history,Gaillefontaine official history,none,,,
gancourt-saint-etienne-bulletin-2023,Gancourt-Saint-Etienne municipal bulletin 2023,none,,,
gascon-rolls-project,The Gascon Rolls Project (1317-1468),none,,,sources/validations/gascon-rolls-project.md
genuki-hardingham-white-1845,"GENUKI - Hardingham, White 1845",partial,sources/corpus_supplement/genuki-hardingham-white-1845.md,,sources/validations/genuki-hardingham-white-1845.md
ggm-benefice-harpley-church-history,GGM Benefice - Harpley Church History,partial,sources/corpus_supplement/ggm-benefice-harpley-church-history.md,,sources/validations/ggm-benefice-harpley-church-history.md
ggm-benefice-harpley-rectors,GGM Benefice - Harpley Register of Rectors,partial,sources/corpus_supplement/ggm-benefice-harpley-rectors-edmund-gurnay.md,,
gibson-dell-protestation,"Gibson & Dell, Protestation Returns guide",none,,,
girders-net-medieval-gurney-abstracts,girders.net Medieval Gurney Abstracts,none,,,
gournay-en-bray-1844,Supplément aux recherches historiques sur Gournay-en-Bray (1844),full,sources/corpus/Supplément aux recherches historiques sur la ville de Gournay-en-Bray 1844 with mentions about Daniel Gurney.txt,,
gournay-supp-reconstructed,"Reconstructed Loose Supplement (Bernau, 1858)",full,sources/corpus/gournay-supplement-reconstructed-v2.md,,
great-ellingham-manor-farmhouse-hingham-road,Great Ellingham - Manor Farmhouse in Hingham Road,partial,sources/corpus_supplement/great-ellingham-manor-farmhouse-hingham-road.md,,sources/validations/great-ellingham-manor-farmhouse-hingham-road.md
great-river-hydro-deerfield-history,"Great River Hydro, 'Our History' (Deerfield/Connecticut developments)",none,,,
grokipedia-edmund-gurney-divine,Grokipedia - Edmund Gurney (divine),captured,sources/corpus_supplement/grokipedia-edmund-gurney-divine-capture.md,,sources/validations/grokipedia-edmund-gurney-divine.md
gurnay-redivivus-1660,Gurnay Redivivus (1660),partial,sources/corpus_supplement/gurnay-redivivus-1660-research-extract.md,,sources/validations/gurnay-redivivus-1660.md
gurney-drogo-pilgrimage-research-2026,Project research handoff -- Gerard de Gournay Drogo/pilgrimage/death window (2026),full,sources/corpus_supplement/g32-gerard-de-gournay-drogo-edith-pilgrimage-death-window.md,,
gurney-family-handwritten-notes-1963,Gurney family handwritten notes 1963,partial,sources/corpus_supplement/1963-gurney-family-handwritten-notes-transcription.md,sources/media/gurney-family-handwritten-notes-1963/1963_gurney_family_handwritten_notes_revised_findings_v3.md,sources/validations/gurney-family-handwritten-notes-1963.md
gurney-family-papers-g3-to-g2-certificates-clippings,Gurney family papers from G3 to G2,partial,sources/corpus_supplement/2026-gurney-family-papers-g3-to-g2-certificates-clippings.md,sources/media/gurney-family-papers-g3-to-g2-certificates-clippings/,sources/validations/gurney-family-papers-g3-to-g2-certificates-clippings.md
hardingham-parish-history-2026,Hardingham Parish - History of Hardingham,partial,sources/corpus_supplement/hardingham-parish-history-2026.md,,sources/validations/hardingham-parish-history-2026.md
harleian-st-vedast-st-michael-le-quern-registers,Harleian Society - St Vedast and St Michael le Quern registers,partial,,sources/media/harleian-st-vedast-st-michael-le-quern-registers,sources/validations/harleian-st-vedast-st-michael-le-quern-registers.md
hazen-billerica-1883,"Hazen, History of Billerica",none,,,sources/validations/hazen-billerica-1883.md
henry-project-matilda-flanders-gundred,Henry Project - Matilda of Flanders / Gundred,external,,,
henry-project-william-conqueror-gundred,Henry Project - William the Conqueror / Gundred,external,,,
heralds-visit-essex-1664,Heralds' Visitation Essex 1664,none,,,
heralds-visit-london-1633,Heralds' Visitation London 1633,none,,,
hingham-register,Hingham parish register,none,,,
histoire-chronique-normandie-1610,Histoire et Chronique de Normandie (Rouen 1610),partial,,,
histoire-de-lorraine-calmet,"Calmet, Histoire de Lorraine — Maison de Gournay genealogy",partial,sources/FS/lorraine-maison-de-gournay-extract.txt,,
historic-england-baconsthorpe-castle-1013093,Historic England - Baconsthorpe Castle (1013093),partial,sources/corpus_supplement/historic-england-baconsthorpe-castle-1013093.md,,sources/validations/historic-england-baconsthorpe-castle-1013093.md
historic-england-old-hall-farmhouse-1077566,Historic England - Old Hall Farmhouse (1077566),partial,sources/corpus_supplement/historic-england-old-hall-farmhouse-1077566.md,,sources/validations/historic-england-old-hall-farmhouse-1077566.md
history-ac-uk-markets-fairs-gazetteer,Gazetteer of Markets and Fairs to 1516,partial,sources/corpus_supplement/history-ac-uk-markets-fairs-gurnay.md,,sources/validations/history-ac-uk-markets-fairs-gurnay.md
history-of-parliament-online-gurney-1386-1421,HoP Online -- Gurney John d.1408,external,,,
history-of-weymouth,"History of Weymouth, Massachusetts (1923)",partial,sources/corpus_supplement/history-of-weymouth-vol3-gurney.md,,sources/validations/history-of-weymouth.md
hmc-12th-report-appendix-ix-1891,hmc-12th-report-appendix-ix-1891,extract,sources/corpus_supplement/gurney-of-keswick-spelman-pedigree-hmc-1891.md,sources/media/hmc-12th-report-appendix-ix-1891/_local/,sources/validations/hmc-12th-report-appendix-ix-1891.md
hobart-abington-1839,"Hobart, Historical Sketch of Abington (1839)",partial,,,sources/validations/benjamin-gurney-harden-research-tables-2026-04.md
hobart-benjamin-history-abington-1866,"Hobart, History of the Town of Abington (1866)",partial,sources/corpus_supplement/hobart-1866-abington-gurney-register-extract.md,,sources/validations/hobart-benjamin-history-abington-1866.md
holinshed-chronicles-1577,"Holinshed, Chronicles of England, Scotlande, and Irelande (1577) -- laste volume",partial,sources/corpus_supplement/holinshed-1577-selected-gurney-references.md,,sources/validations/holinshed-chronicles-1577.md
hoosac-tunnel-wilmington-railroad,Hoosac Tunnel & Wilmington Railroad (Wikipedia),none,,,
hop-berney,"History of Parliament — Berney, Sir Robert (c.1365-1415)",none,,,sources/validations/hop-berney.md
hop-drury-robert-i-1456-1535,"History of Parliament -- DRURY, Sir Robert I (by 1456-1535)",supplement,sources/corpus_supplement/hop-drury-robert-i-1456-1535.md,,
hop-gurney,History of Parliament Online — Gurney,partial,sources/corpus_supplement/John-Gurney-d1408-The-History-of-Parliamentx.md,,
hop-harling,History of Parliament / biography — Sir Robert Harling (d.1435),none,,,sources/validations/hop-harling.md
hotten-original-lists-1874,"Hotten, Original Lists of Persons of Quality (1874)",extract,sources/corpus_supplement/hotten-original-lists-gurney-search-2026.md,,sources/validations/hotten-original-lists-1874.md
hrp-anne-boleyn,"Historic Royal Palaces, Anne Boleyn",none,,,sources/validations/hrp-anne-boleyn.md
hull-thesis-english-way-of-war-1360-1399,"Hull PhD thesis — The English Way of War, 1360–1399",none,,sources/media/hull-thesis-english-way-of-war-1360-1399/_local/content-hull_9036a.pdf,sources/validations/hull-thesis-english-way-of-war-1360-1399.md
hurlock-oldfield-crusading-pilgrimage-norman-2015,"Hurlock and Oldfield, Crusading and Pilgrimage in the Norman World (2015)",external,,,
husting-wills-london-vol2-sharpe,Sharpe -- Calendar of Wills Court of Husting London Part II (1890),supplement,sources/corpus_supplement/husting-wills-london-vol2-john-heylesdon-1384.md,,
keates-rohan-domesday,"Keates-Rohan, Domesday People",none,,,
laslett-world-we-have-lost-1965,"Laslett, World We Have Lost",none,,,
les-olim,Les Olim (French legal records),none,,,
letters-papers-henry-viii,"Letters and Papers, Foreign and Domestic, Henry VIII",none,,,sources/validations/letters-papers-henry-viii.md
liber-niger,Liber Niger Scaccarii,none,,,
lma-st-augustine-watling-register-candidate-d-images,LMA St Augustine Watling Street register - Candidate D images,partial,,sources/media/lma-st-augustine-watling-register-candidate-d-images,sources/validations/lma-st-augustine-watling-register-candidate-d-images.md
lma-st-giles-cripplegate-register-john-grone-1630,LMA St Giles Cripplegate - John Grone baptism (1630),partial,,sources/media/lma-st-giles-cripplegate-register-john-grone-1630,sources/validations/lma-st-giles-cripplegate-register-john-grone-1630.md
lma-st-giles-cripplegate-register-p69-gis-a-002,"St Giles Cripplegate, parish register (LMA P69/GIS/A/002/MS06419/003)",none,,,sources/validations/lma-st-giles-cripplegate-register-p69-gis-a-002.md
lma-st-magnus-martyr-register-candidate-d-images,LMA St Magnus the Martyr register - Candidate D images,partial,,sources/media/lma-st-magnus-martyr-register-candidate-d-images,sources/validations/lma-st-magnus-martyr-register-candidate-d-images.md
lma-st-mary-harrow-register-dro003,"St Mary, Harrow on the Hill, parish register (LMA DRO/003)",none,,,sources/validations/lma-st-mary-harrow-register-dro003.md
lma-st-mary-magdalen-old-fish-street-john-grene-1634,LMA St Mary Magdalen Old Fish Street - John Grene baptism (1634),partial,,sources/media/lma-st-mary-magdalen-old-fish-street-john-grene-1634,sources/validations/lma-st-mary-magdalen-old-fish-street-john-grene-1634.md
lma-st-swithin-london-stone-register-john-grine-1640,LMA St Swithin London Stone - John Grine marriage (1640/1),partial,,sources/media/lma-st-swithin-london-stone-register-john-grine-1640,sources/validations/lma-st-swithin-london-stone-register-john-grine-1640.md
london-archdeaconry-court-probate-index-brs-089,london-archdeaconry-court-probate-index-brs-089,none,,,sources/validations/london-archdeaconry-court-probate-index-brs-089.md
loyd-origins,"Loyd, Origins of Some Anglo-Norman Families",none,,,
ma-wills-probate-records,"Massachusetts Wills and Probate Records, 1635-1991",partial,sources/corpus_supplement/plymouth-probate-benjamin-gurney-g11-will-1738.md,sources/media/ma-wills-probate-records/,sources/validations/ma-wills-probate-records.md
macris-cum-115-gurney-ase-house,"MACRIS CUM.115 - Gurney, Ase House (51 Main St, Cummington)",partial,sources/corpus_supplement/macris-cummington-gurney-houses-extract.md,sources/media/macris-cum-115-gurney-ase-house/,sources/validations/macris-cum-115-gurney-ase-house.md
macris-cum-151-gurney-asa-house,"MACRIS CUM.151 - Gurney, Asa House (75 Mount Rd, Cummington)",partial,sources/corpus_supplement/macris-cummington-gurney-houses-extract.md,sources/media/macris-cum-151-gurney-asa-house/,sources/validations/macris-cum-151-gurney-asa-house.md
macris-mhc,MACRIS - Massachusetts Cultural Resource Information System,none,,,
massachusetts-bay-records-v1-1853,"Massachusetts Bay Records, vol. 1",none,,,sources/validations/massachusetts-bay-records-v1-1853.md
may-henry-gurney-spenser-2005,"May, Henry Gurney reads Spenser",partial,sources/corpus_supplement/henry_gurney_g15_may_article_narrative.md,,sources/validations/may-henry-gurney-spenser-2005.md
mcgraw-edison-history,McGraw-Edison company history (Wikipedia; Eaton/Cooper heritage),none,,,
medievalgenealogy-cp25-1-21-112-stone-hartwell,"medievalgenealogy.org.uk — CP 25/1/21/112 fine, Stone and Hartwell, Bucks",none,,,
medievalgenealogy-gerbod-gundred-documents,MedievalGenealogy.org.uk - Gerbod and Gundred documents,external,,,
medievalsoldier-database,Soldier in Later Medieval England Online Database,none,,,
mendon-proprietors-records-1899,Mendon Proprietors' Records (1899),partial,sources/corpus_supplement/mendon-proprietors-records-1899-gurney-extracts.md,,sources/validations/mendon-proprietors-records-1899.md
mhs-winthrop-papers-newgate-deed-1639,"MHS Winthrop Papers, Newgate deed",none,,,sources/validations/mhs-winthrop-papers-newgate-deed-1639.md
middleborough-marriages-by-mens-name,Middleborough marriages by men's name,partial,,,sources/validations/benjamin-gurney-harden-research-tables-2026-04.md
military-communities-knolles-1370,Military Communities in Late Medieval England — Knolles 1370 chapter,none,,,sources/validations/military-communities-knolles-1370.md
millican-register-freemen-norwich-1934,"Millican, Register of the Freemen of Norwich, 1548-1713",partial,sources/corpus_supplement/millican-norwich-freemen-apprentices-gurney-extracts.md,,sources/validations/millican-norwich-freemen-and-apprentices-indexes.md
morant-essex,"Morant, History of Essex",none,,,
mosaic-dvd-hugue-de-gournay,Mosaic DVD - Hugue de Gournay,partial,sources/corpus_supplement/mosaic-dvd-hugue-de-gournay-user-text.md,,sources/validations/mosaic-dvd-hugue-de-gournay.md
munsell-history-queens-flushing-1882,"Munsell, History of Queens County - Flushing",none,,,sources/validations/munsell-history-queens-flushing-1882.md
nash-historical-sketch-weymouth-1885,"Nash, Historical Sketch of Weymouth (1885)",partial,sources/corpus_supplement/nash-historical-sketch-weymouth-1885-gurney-extracts.md,,sources/validations/nash-historical-sketch-weymouth-1885.md
national-churches-trust-harpley-st-lawrence,National Churches Trust - Harpley St Lawrence,partial,sources/corpus_supplement/national-churches-trust-harpley-st-lawrence.md,,sources/validations/national-churches-trust-harpley-st-lawrence.md
ncc-will-1584-margaret-bate-rivett-garveston,"Will of Margaret (Bate) Rivett of Garveston, widow, 1584",extract,sources/corpus_supplement/rivett-garveston-maternal-family-2026-06.md,sources/media/ncc-wills-registers/_local/bate-reg-fo399-img442-margaret-rivett-will.jpg,sources/validations/ncc-will-1584-margaret-bate-rivett-garveston.md
nehgr-12-suffolk-wills-1858,NEHGR 12 - Suffolk Wills - John Gurney probate abstract,partial,sources/corpus_supplement/john-gurney-probate-inventory-spr-case-338.md,,
nehgr-49-genealogical-gleanings-john-lewis,"NEHGR 49 - Genealogical Gleanings, John Lewis will",none,,,sources/validations/nehgr-49-genealogical-gleanings-john-lewis.md
nehgr-62-94,NEHGR 62:94,partial,,,sources/validations/nehgr-62-94.md
neverending-hobby-john-gurney-us-1636,"The Neverending Hobby - John Gurney, US 1636",partial,,,sources/validations/benjamin-gurney-harden-research-tables-2026-04.md
nfwf-little-neck-bay-history-ecology-2008,History and Ecology of Little Neck Bay,none,,,sources/validations/nfwf-little-neck-bay-history-ecology-2008.md
nher-great-ellingham-parish-summary,NHER Parish Summary — Great Ellingham,partial,sources/corpus_supplement/nher-great-ellingham-parish-summary.md,,sources/validations/nher-great-ellingham-parish-summary.md
nher-mnf9108-old-hall-great-ellingham,"NHER MNF9108 — Old Hall, Great Ellingham",full,sources/corpus_supplement/nher-mnf9108-old-hall-great-ellingham.md,,sources/validations/nher-mnf9108-old-hall-great-ellingham.md
nichols-herald-v3,Herald & Genealogist v3 p.9,none,,,sources/validations/nichols-herald-v3.md
nj-marriage-index-1901-2016,"New Jersey Marriage Index, 1901-2016",none,,,
norfolk-wills-extracts-bradfer-lawrence,"Norfolk wills extracts, 1370-1763 (Bradfer-Lawrence)",none,,sources/media/norfolk-wills-extracts-bradfer-lawrence/,sources/validations/norfolk-wills-extracts-bradfer-lawrence.md
norfolk-wills-probate-index-1371-1858,"Norfolk wills/probate index, 1371-1858",extract,sources/corpus_supplement/rivett-garveston-maternal-family-2026-06.md,,sources/validations/norfolk-wills-probate-index-1371-1858.md
norman-geo-archives76-commune-dossiers-2026,Norman geo overlay - Archives 76 commune dossiers,none,,,
norman-geo-controlling-sources-2026,Norman geo overlay - controlling online sources,none,,,
norman-geo-institutional-localities-2026,Norman geo overlay - institutional locality pages,none,,,
norman-geo-local-history-tourism-2026,Norman geo overlay - local history and tourism pages,none,,,
norman-geo-locator-criquiers-torchy-2026,Norman geo overlay - Criquiers and Torchy locators,none,,,
norman-geo-locator-saint-quentin-hericourt-2026,Norman geo overlay - Saint-Quentin and Hericourt locators,none,,,
norman-geo-locator-southern-boundary-2026,Norman geo overlay - southern boundary locators,none,,,
normonde-hugues-1er-de-gournay,Normonde authority file: Hugues Ier de Gournay,partial,,,
norwich-records-hudson-tingey-vol2,"Hudson and Tingey -- Records of the City of Norwich, vol. ii (1910)",supplement,sources/corpus_supplement/norwich-records-hudson-tingey-vol2-edmund-gornay-fees.md,,
norwich-university-history,Norwich University history (Wikipedia; Norwich catalog),none,,,
nps-adams-nhp,NPS Adams National Historical Park CLR,none,,,
nro-ncc-wills-registers,"Norfolk Record Office, NCC Will Registers",none,,,
nro-pd-12-1,"NRO PD 12/1 (St Martin at Palace, Norwich)",none,,,
nro-pd-86-41,NRO PD 86/41 (East Dereham register),none,,sources/media/parish-register/,
nrp-recherches-possessions-1852,"NRP de la Mairie, Recherches…Possessions des Sires Normands (1852)",partial,,sources/FS/Norman_additions/Recherches_historiques_archéologiques_e_volume1.pdf,
ny-state-military-museum-127th-infantry,NYS Military Museum - 127th Infantry Regiment,none,,,sources/validations/ny-state-military-museum-127th-infantry.md
ny-war-1812-payroll-abstracts,New York War of 1812 militia payroll abstracts,none,,sources/media/ny-war-1812-payroll-abstracts/,sources/validations/ny-war-1812-payroll-abstracts.md
nyclipper-1895-08-patchogue-fauntleroy,"New York Clipper, August 1895 — Patchogue Lord Fauntleroy notice",partial,sources/corpus_supplement/nyclipper-1895-08-patchogue-fauntleroy.md,sources/media/nyclipper-1895-08-patchogue-fauntleroy/,sources/validations/nyclipper-1895-08-patchogue-fauntleroy.md
odnb-matthew-gournay,"ODNB / DNB — Sir Matthew de Gournay (d. 1406), soldier",none,,,sources/validations/odnb-matthew-gournay.md
opendomesday-org,Open Domesday,external,,,
openedition-abbayes-seigneurs-normands-annexe,"OpenEdition, abbeys founded by Norman lords",none,,,
orderic-vitalis-chibnall-vol-5,"Orderic Vitalis, Historia Aecclesiastica, ed./trans. Chibnall, vol. 5 (Books 9-10)",external,,,
orderic-vitalis-chibnall-vol-6,"Orderic Vitalis, Historia Aecclesiastica, ed./trans. Chibnall, vol. 6 (Books 11-13)",external,,,
ormerod-strigulensia-1861,"Ormerod, Strigulensia (1861)",partial,sources/corpus_supplement/ormerod-strigulensia-1861-thomas-de-gournay-extract.md,,sources/validations/ormerod-strigulensia-1861.md
ota-corpus-christi-1619,OTA - Corpus Christi (1619),available,,,
ota-romish-chaine-1624,OTA - The Romish chaine (1624),available,,,
paige-list-freemen-massachusetts-1849,"Paige, List of Freemen of Massachusetts (1849)",none,,,sources/validations/paige-list-freemen-massachusetts-1849.md
painchault-gaillefontaine-2012,"Painchault, Gaillefontaine fortification (PURH 2012)",partial,,,
palgrave-history-england-normandy-1864,"Palgrave, History of England and Normandy",partial,sources/corpus_supplement/palgrave-history-england-normandy-gournay-extracts.md,,sources/validations/palgrave-history-england-normandy-1864.md
palmer-perlustration-yarmouth-1872,"Palmer, Perlustration of Great Yarmouth (1872)",partial,,,
park-royal-holloway-thesis-2013,"Park, PhD thesis (Royal Holloway, 2013) -- crusading inheritance protection",external,,,
paston-letters-davis,Paston Letters and Papers -- Davis edition,none,,,sources/validations/paston-letters-davis.md
paston-letters-gairdner,Paston Letters -- Gairdner edition (1904),supplement,sources/corpus_supplement/paston-letters-gairdner-gurney-extracts.md,,
pattou-racines-histoire-gournay-2025,Pattou Racines Histoire -- Gournay,external,,,
pcc-rivett-rattlesden-wills,"PCC wills - Rivett/Ryvett of Rattlesden (1610, 1626)",none,,,sources/validations/pcc-rivett-rattlesden-wills.md
pease-pennyghael,Pease genealogy (Pennyghael),none,,,
pettigrew-collectanea-house-gournay-1871,"Pettigrew, On the House of Gournay",partial,sources/corpus_supplement/pettigrew-collectanea-house-gournay-1871.txt,sources/media/Collectanea_Archaeologica.pdf,sources/validations/pettigrew-collectanea-house-gournay-1871.md
phillimore-bucks-marriages-vol1,"Phillimore Bucks parish registers, marriages, vol. 1",none,,,sources/validations/phillimore-bucks-marriages-vol1.md
planche-conqueror-companions-1874,"Planche, The Conqueror and His Companions",partial,sources/corpus_supplement/planche-conqueror-companions-hugh-de-gournay.md,,sources/validations/planche-conqueror-companions-1874.md
plymouth-probate-john-harden-1751-will,Plymouth Probate - John Harden will (1751),full,sources/corpus_supplement/plymouth-probate-john-harden-1751-will.md,,sources/validations/plymouth-probate-john-harden-1751-will.md
porter-genealogy-richard-porter-1878,"Porter, Genealogy of the Descendants of Richard Porter (1878)",partial,sources/corpus_supplement/porter-genealogy-richard-porter-1878-gurney-extract.md,,
potin-recherches-ville-gournay-1842,"Potin de la Mairie, Recherches…ville de Gournay (1842)",partial,,sources/FS/Norman_additions/Recherches_historiques_sur_la_ville_de_G.pdf,
potts-monastic-revival-regional-identity-1997,"Potts, Monastic Revival and Regional Identity (1997)",not-captured,,,sources/validations/potts-monastic-revival-regional-identity-1997.md
powell-historie-cambria-1584,Powell -- Historie of Cambria (1584),external,,,
projet-conde-conquets-hue-gournay,"Projet ConDE, Conquets Hue de Gournay custom",none,,,
protestation-returns,Protestation Returns 1641–42,none,,,
recueil-actes-henri-ii-delisle-berger-vol-1,"Recueil des actes de Henri II, Delisle/Berger, vol. 1 (1916)",full,sources/corpus_supplement/actes-henri-ii-delisle-berger-vol1-text.md,sources/media/recueildesactesd01grea.pdf,
recueil-actes-henri-ii-delisle-berger-vol-2,"Recueil des actes de Henri II, Delisle/Berger, vol. 2 (1920)",full,sources/corpus_supplement/actes-henri-ii-delisle-berger-vol2-text.md,sources/media/recueildesactesd02grea.pdf,
regesta-rano,Regesta Regum Anglo-Normannorum (Bates),none,,,
rhgf-vol-15-1878,"Recueil des historiens des Gaules et de la France, tome 15 (1878 ed.)",full,sources/corpus_supplement/rhgf-vol15-1878-hocr-text.md,sources/media/rhgf-vol15-1878.pdf,
richardson-sgm-soc-genealogy-medieval-2002,Richardson SGM 2002 -- Walter not son of Gerard,external,,,
rigler-genealogy-notes-c1980,"Rigler genealogy notes (worksheets, c. 1980)",partial,sources/corpus_supplement/rigler-genealogy-notes-c1980-worksheets-extract.md,sources/media/rigler-genealogy-notes-c1980/,sources/validations/rigler-genealogy-notes-c1980.md
rigler-gurney-family-aaron-zuinglius-1994,"Rigler, Gurney family from Aaron to Zuinglius",partial,sources/corpus_supplement/rigler-gurney-aaron-zuinglius-g9-g12-extract.md,sources/media/rigler-gurney-family-aaron-zuinglius-1994/,sources/validations/rigler-gurney-family-aaron-zuinglius-1994.md
rising-millican-norwich-apprentices-index-nrs29-1959,"Rising & Millican, Index of Indentures of Norwich Apprentices (NRS 29)",partial,sources/corpus_supplement/millican-norwich-freemen-apprentices-gurney-extracts.md,,sources/validations/millican-norwich-freemen-and-apprentices-indexes.md
rollco-drapers-gurney-old-change-cluster,ROLLCO Drapers - Robert and John Gurney Old Change cluster,full,sources/corpus_supplement/rollco-drapers-gurney-old-change-cluster.md,,sources/validations/rollco-drapers-gurney-old-change-cluster.md
rollco-other-companies-gurney-1573-1653,"ROLLCO - Gurney events in Clothworkers, Tallow Chandlers, Mercers (1573-1653)",full,sources/corpus_supplement/rollco-other-companies-gurney-1573-1653.md,,sources/validations/rollco-other-companies-gurney-1573-1653.md
rollco-stationers-gurney-1613-1626,ROLLCO Stationers - John Gurney 1613 binding and Robert Gurney 1616-1626 apprenticeship sequence,partial,sources/corpus_supplement/rollco-stationers-gurney-1613-1626.md,,sources/validations/rollco-stationers-gurney-1613-1626.md
rollco-stationers-hunscott-cluster,ROLLCO Stationers - Joseph Hunscott cluster,partial,sources/corpus_supplement/rollco-stationers-hunscott-cluster.md,,sources/validations/rollco-stationers-hunscott-cluster.md
rudder-gloucestershire-1779,"Rudder, A New History of Gloucestershire (1779)",supplement,sources/corpus_supplement/rudder-gloucestershire-1779-gurney-extracts.md,,sources/validations/rudder-gloucestershire-1779.md
rye-feet-of-fines-norfolk,"Rye, Short Calendar of the Feet of Fines for Norfolk (Parts I-II)",extract,sources/corpus/rye-feet-of-fines-norfolk-part2.txt,,sources/validations/rye-feet-of-fines-norfolk.md
rye-index-rerum-norfolk-antiquities-1910,"Index Rerum to Norfolk Antiquities (Rye, 1910)",partial,,,sources/validations/rye-index-rerum-norfolk-antiquities-1910.md
rye-norfolk-antiquarian,"Rye, Norfolk Antiquarian — Gurneys of Norwich",full,sources/corpus/norfolk-antiquarian-gurneys-of-norwich.md,,
rye-visitacion-norffolk-1891,"Rye, Visitacion of Norffolk (1891)",partial,sources/corpus_supplement/rye-visitacion-norffolk-1891-gurney-selected-pages.md,sources/media/rye-visitacion-norffolk-1891/,sources/validations/rye-visitacion-norffolk-1891.md
saint-leu-esserent-cartulary-muller,"Cartulaire du prieure de Saint-Leu d'Esserent (1080-1538), ed. Muller",external,,,
sanhs-excursions-1907-apocryphal-book-dan,SANHS Excursions: Apocryphal Book of Dan note,partial,,,sources/validations/sanhs-excursions-1907-apocryphal-book-dan.md
savage-dictionary,"Savage, Genealogical Dictionary",none,,,
shedd-daniel-shed-genealogy-1920,"Shedd, Daniel Shed Genealogy (1920)",partial,,,
spr-case-338-john-gurney-probate-1663,SPR Case #338 - John Gurney probate inventory,partial,sources/corpus_supplement/john-gurney-probate-inventory-spr-case-338.md,sources/media/John Gurney Probate/102840311_00516.jpg,
sprague-braintree,"Sprague, Genealogies of Braintree",none,,,
st-benet-fink-register,"St Benet Fink register, London",none,,,sources/validations/st-benet-fink-register.md
st-mary-maldon-register,St Mary's Maldon register,none,,,
stirnet-gurney-pedigree,Stirnet -- Pedigree of the Gournays of Norfolk,none,,,
suffolk-deeds-liber-12-1902,"Suffolk Deeds, Liber XII (1902)",supplement,sources/corpus_supplement/suffolk-deeds-liber-xii-gurnell-dorchester.md,,sources/validations/suffolk-deeds-liber-12-1902.md
suffolk-deeds-liber-iv-1888,"Suffolk Deeds, Liber IV (1888)",partial,sources/corpus_supplement/suffolk-deeds-liber-iv-1888-gurney-extracts.md,,sources/validations/suffolk-deeds-liber-iv-1888.md
suffolk-probate-index-v2-1895,"Suffolk Probate Index, vol. 2",none,,,sources/validations/suffolk-probate-index-v2-1895.md
suffolk-visitations-metcalfe-1882,"Metcalfe, Visitations of Suffolk",extract,sources/corpus_supplement/ryvett-suffolk-visitation-pedigrees-metcalfe.md,,
suger-vie-louis-le-gros,"Suger, Vie de Louis le Gros",external,,,
swann-chethams-library-ms-a4-15-2016,"Swann, Chetham's Library MS A.4.15",partial,sources/corpus_supplement/jnr-chethams-library-ms-a4-15-henry-gurney.md,,sources/validations/swann-chethams-library-ms-a4-15-2016.md
tag-10-70,"Holman, Grissell of the Many Marriages",none,,,
thompson-mobility-migration-1994,"Thompson, Mobility and Migration (1994)",none,,,
thoms-anecdotes-traditions-1839,"Thoms, Anecdotes and Traditions",none,,,sources/validations/thoms-anecdotes-traditions-1839.md
three-hundred-years-norman-house,"Hannay, Three Hundred Years of a Norman House",full,sources/corpus/threehundredyear00hann - THEEE HUNDRED YEAES OF A NORMAN HOUSE.txt,,
tna-a2a-705-349-aylesbury-1483-grant,"TNA A2A 705:349/12946/495200 — Aylesbury grant, 4 April 1483",none,,,
tna-dl-42-2-33-5-richard-i-canville-nicholaa-de-la-haye,TNA DL 42/2/33/5 — Richard I grant to Gerard de Canville and Nicholaa de la Haye,none,,,
tna-e179-1661-london-poll-tax-deferred,"TNA E179 - 1661 Free and Voluntary Present, City of London (deferred image-pull target)",deferred,,,sources/validations/tna-e179-1661-london-poll-tax-deferred.md
tna-pcc-gurney-elimination-corpus,"TNA PCC Gurney probate corpus (1577-1682, elimination set)",partial,sources/corpus_supplement/tna-pcc-gurney-elimination-corpus.md,,
tna-pcc-probate,TNA PCC Probate Records,none,,,
torrey-new-england-marriages-prior-1700,"Torrey, New England Marriages Prior to 1700",partial,sources/corpus_supplement/torrey-new-england-marriages-prior-1700-page-331-gurney.md,,sources/validations/torrey-new-england-marriages-prior-1700.md
trevor-john-erpingham-1970,"Trevor John, 'Sir Thomas Erpingham, East Anglian Society and the Dynastic Revolution of 1399' (1970)",none,,,sources/validations/trevor-john-erpingham-1970.md
tyrwhitt-canterbury-tales-1798-v2,"Tyrwhitt ed., Canterbury Tales of Chaucer, vol. ii Notes (1798)",supplement,sources/corpus_supplement/tyrwhitt-canterbury-tales-1798-v2-matheu-gourney-epitaph.md,,sources/validations/tyrwhitt-canterbury-tales-1798-v2.md
ukda-9263-mt-apprentices-scott-2024,"Scott, Merchant Taylors' Apprentices 1583-1800 (UKDA-SN-9263)",full,,sources/media/ukda-9263-merchant-taylors-apprentices/,sources/validations/ukda-9263-mt-apprentices-scott-2024.md
unicaen-scripta-selected-gournay-acts,SCRIPTA selected Gournay acts,partial,sources/corpus_supplement/unicaen-scripta-selected-gournay-acts.md,,sources/validations/unicaen-scripta-selected-gournay-acts.md
us-census-1940,"U.S. Federal Census, 1940",none,,,
us-public-records-1970-2009,"U.S. Public Records, 1970-2009",none,,,
vch-bucks-v3,VCH Bucks v3 (Stewkley manors),none,,,
vch-bucks-vol2-bledlow,VCH Buckinghamshire vol. 2 - Bledlow,none,,,sources/validations/vch-bucks-vol2-bledlow.md
vch-glos-vol2-gaunts-hospital,"VCH Gloucestershire vol. 2 - Gaunt's Hospital (St Mark, Billeswick)",none,,,sources/validations/vch-glos-vol2-gaunts-hospital.md
vch-hants-vol4-wellow-gurnay,VCH Hampshire vol. 4 - East Wellow / Wellow Gurnay,none,,,sources/validations/vch-hants-vol4-wellow-gurnay.md
visitations-norfolk-harleian-32,Visitations of Norfolk 1563/1589/1613 (Harleian Soc. 32),none,,,sources/validations/visitations-norfolk-harleian-32.md
wace-roman-de-rou,"Wace, Roman de Rou",partial,,,
walker-lancastrian-affinity-1361-1399,"Walker, The Lancastrian Affinity 1361–1399",none,,,sources/validations/walker-lancastrian-affinity-1361-1399.md
wansey-medieval-genealogy-1925,"Wansey, ancient family of the Wanseys",none,,sources/media/1925_08Wansey_Family_Tree_Medieval_Genealogy.pdf,sources/validations/wansey-medieval-genealogy-1925.md
weymouth-classified-record-births-nash,"Classified Record of Weymouth Births (Nash copy, 1879)",none,,sources/media/weymouth-classified-record-births-nash/,
weymouth-classified-record-deaths-nash,"Classified Record of Weymouth Deaths (Nash copy, 1879)",none,,sources/media/weymouth-classified-record-deaths-nash/,
wikipedia-en-hamelin-de-warenne,Wikipedia -- Hamelin de Warenne,external,,,
wikipedia-fr-famille-de-gournay,Wikipedia FR -- Famille de Gournay,external,,,
wikitree-newgate-14-horningsheath,"WikiTree Newgate-14 — John Newgate of Horningsheath, Suffolk",none,,,sources/validations/wikitree-newgate-14-horningsheath.md
william-of-poitou-gesta-guillelmi,"William of Poitiers, Gesta Guillelmi",partial,,,
william-of-tyre-historia,"William of Tyre, Historia Rerum in Partibus Transmarinis Gestarum",external,,,
winthrop-history-new-england-addenda-1636,"Winthrop/Savage, History of New England Addenda",none,,,sources/validations/winthrop-history-new-england-addenda-1636.md
